bioID,year,tmID,mp,pts,trb,ast,stl,blk,tov,performance,rookie
abrossv01w,2,MIN,846,343,174,53,42,9,85,20.996,True
abrossv01w,3,MIN,805,314,146,60,42,10,92,20.385,False
abrossv01w,4,MIN,792,318,141,82,44,11,90,20.744,False
abrossv01w,5,MIN,462,146,74,45,30,2,43,20.003,False
abrossv01w,6,MIN,777,304,107,60,48,6,80,19.627,False
abrossv01w,7,MIN,724,263,106,54,34,1,61,19.034,False
abrossv01w,8,MIN,843,345,150,85,44,4,68,20.041,False
abrossv01w,9,CON,107,34,20,12,8,0,11,16.6,False
adamsjo01w,4,MIN,96,33,23,4,2,3,10,16.403,True
aguilel01w,3,UTA,141,43,11,16,3,2,11,15.115,True
ajavoma01w,9,HOU,604,273,60,59,31,6,55,21.147,True
ajavoma01w,10,WAS,587,272,64,37,37,4,50,21.286,False
aldrima01w,1,WAS,272,63,24,28,9,4,27,12.375,False
aldrima01w,2,WAS,35,7,2,2,0,0,4,16.436,False
alhalta01w,2,ORL,252,49,38,14,11,0,28,10.971,True
allench01w,9,SAC,49,16,6,3,1,0,6,13.561,True
amachma01w,2,NYL,3,1,1,0,0,1,1,13.419,True
amachma01w,4,SEA,47,8,14,0,5,2,9,16.496,False
amachma01w,6,WAS,3,2,0,0,0,0,0,16.517,False
ambermo01w,3,SAC,4,0,0,0,0,0,0,13.561,True
anderam01w,7,CON,1,0,2,0,0,0,0,14.551,True
anderam01w,7,NYL,9,0,2,0,1,0,1,13.419,True
anderch01w,4,SAC,171,42,24,5,5,5,17,12.716,True
anderch01w,5,SAC,231,77,34,5,3,6,25,14.174,False
anderch01w,6,SAS,669,203,90,11,8,15,55,13.969,False
anderch01w,7,SAS,414,153,85,15,7,10,29,15.986,False
anderch01w,8,SAS,86,28,20,3,1,5,5,16.596,False
anderjo01w,9,CON,367,97,58,26,7,1,16,14.969,True
anderke01w,1,WAS,434,75,46,75,25,3,47,12.841,False
anderke01w,2,CHA,102,12,15,14,6,0,17,16.328,False
anderke01w,3,CHA,31,7,6,5,0,0,3,16.51,False
andrame01w,1,CLE,797,265,95,75,41,10,65,17.593,False
andrame01w,2,CLE,893,152,87,100,51,10,61,14.238,False
andrame01w,3,CLE,665,91,56,67,29,6,41,12.533,False
andrame01w,5,CHA,65,9,4,7,0,1,3,16.386,False
anosini01w,9,MIN,920,314,231,45,75,43,42,23.314,True
anosini01w,10,MIN,896,396,222,81,81,28,61,25.515,False
arcaija01w,1,HOU,977,268,119,60,42,3,53,14.783,False
arcaija01w,2,HOU,1154,591,136,94,60,3,83,20.327,False
arcaija01w,3,HOU,1116,364,126,86,51,6,71,18.672,False
arcaija01w,4,HOU,1136,390,136,67,41,1,50,18.032,False
arcaija01w,6,HOU,1079,342,93,53,55,6,56,17.351,False
askamma01w,1,MIA,869,251,231,29,17,21,49,18.091,False
askamma01w,2,MIA,431,74,87,15,12,11,19,15.961,False
askamma01w,3,LAS,215,61,49,4,11,4,11,16.346,False
askamma01w,3,MIA,72,11,11,3,1,1,1,16.419,False
atkinla01w,7,IND,417,99,76,22,18,5,34,14.4,True
atkinla01w,8,SAC,226,58,44,15,10,5,33,14.456,False
atkinla01w,9,SAC,73,14,14,8,5,2,10,16.486,False
atkinla01w,10,SEA,46,5,18,5,10,1,4,16.607,False
atunrmo01w,9,SAS,348,71,48,23,16,13,26,13.603,True
augusse01w,7,MIN,1124,744,128,50,21,18,71,27.477,True
augusse01w,8,MIN,1093,769,136,79,41,21,83,29.185,False
augusse01w,9,MIN,1042,591,120,83,32,12,52,27.596,False
augusse01w,10,MIN,178,126,25,9,12,3,13,17.231,False
aycocan01w,1,MIN,6,0,3,4,0,0,0,16.523,False
aycocan01w,1,SEA,7,0,2,0,0,0,0,16.502,False
azizle01w,4,IND,44,10,9,1,0,4,3,16.098,True
azzije01w,1,UTA,559,144,41,92,12,5,28,15.102,False
azzije01w,2,UTA,1205,276,98,171,22,10,69,13.805,False
azzije01w,3,UTA,1151,306,69,158,27,14,67,14.085,False
azzije01w,4,SAS,1136,260,91,111,27,9,61,13.427,False
badertr01w,1,CLE,201,47,11,21,17,1,18,13.397,False
badertr01w,2,CLE,114,21,12,11,5,0,8,16.373,False
badertr01w,3,CLE,132,14,7,15,6,1,7,16.246,False
bakersh01w,7,NYL,614,251,56,35,46,2,50,19.214,True
bakersh01w,8,LAS,492,203,69,77,36,2,65,20.585,False
bakersh01w,8,NYL,13,5,1,0,0,0,0,16.524,False
bakersh01w,9,IND,110,49,22,15,9,1,11,16.785,False
bakersh01w,10,DET,11,7,1,1,1,0,1,16.555,False
balesal01w,8,IND,169,55,45,2,4,13,7,21.302,True
balesal01w,9,ATL,389,82,102,11,15,29,10,19.025,False
balesal01w,9,IND,126,37,22,2,5,14,3,16.65,False
banchrh01w,1,SAC,21,6,3,1,0,0,2,16.504,False
baranel01w,2,MIA,984,378,191,63,33,57,62,22.039,True
baranel01w,4,NYL,850,278,181,64,36,43,62,21.214,False
baranel01w,5,NYL,1048,394,246,67,37,58,80,21.799,False
baranel01w,6,NYL,953,288,227,59,25,46,59,20.926,False
barksla01w,2,POR,35,2,6,4,2,0,1,16.252,True
barksla01w,3,POR,285,100,40,12,8,7,23,16.576,False
barksla01w,4,SAS,168,59,33,5,1,3,10,16.579,False
barnead01w,1,CLE,18,8,2,4,0,0,2,16.551,False
barnead01w,2,CLE,3,2,1,0,0,0,0,16.519,False
barnead01w,3,SEA,493,90,102,28,32,9,25,15.021,False
barnead01w,4,SEA,396,88,65,23,11,7,18,14.529,False
barnead01w,5,SEA,402,67,63,31,23,2,24,13.666,False
barnequ01w,1,SEA,705,209,84,33,19,33,62,15.294,False
barnequ01w,2,SEA,229,68,34,11,9,6,16,15.593,False
barnequ01w,3,PHO,13,3,1,0,1,2,0,16.534,False
batkosu01w,6,SEA,461,199,94,26,17,24,32,23.552,True
batkosu01w,10,SEA,147,47,29,4,5,6,24,16.496,False
batteja01w,6,MIN,46,0,5,3,0,1,3,16.329,True
batteja01w,7,DET,178,36,25,7,2,3,4,16.325,False
battlas01w,6,SEA,8,2,2,0,0,0,1,14.778,True
battlas01w,7,NYL,455,143,62,29,31,3,38,16.832,False
battlas01w,8,NYL,757,252,126,56,35,2,48,17.795,False
battlas01w,9,NYL,336,121,53,24,15,1,28,17.967,False
battlas01w,10,NYL,548,177,85,40,31,2,52,17.641,False
bauerca01w,1,CHA,398,76,56,14,8,3,28,10.529,False
bauerca01w,2,WAS,102,15,18,3,2,1,6,16.348,False
bauerca01w,3,SAC,233,43,41,1,2,5,25,10.011,False
beardal01w,5,WAS,1025,446,143,91,69,34,80,23.068,True
beardal01w,6,WAS,1015,422,130,90,45,9,63,21.728,False
beardal01w,7,WAS,994,614,149,98,59,25,90,25.121,False
beardal01w,8,WAS,1169,622,139,99,64,24,94,25.055,False
beardal01w,9,WAS,1092,532,118,117,55,19,106,24.398,False
beardal01w,10,WAS,985,492,123,68,72,18,100,24.434,False
beckki01w,9,SEA,93,17,12,6,4,2,4,14.729,True
bennije01w,6,IND,52,9,6,4,1,1,4,16.057,True
berezva01w,9,SAS,6,0,0,0,0,0,0,13.729,True
berthlu01w,3,CLE,16,8,4,0,0,0,0,16.918,True
berthlu01w,4,CLE,201,84,42,6,10,4,22,20.996,False
berthlu01w,5,HOU,134,37,27,4,6,2,9,16.516,False
beviltu01w,1,POR,796,153,95,89,41,6,66,12.781,False
beviltu01w,2,POR,788,153,88,103,59,6,52,13.732,False
beviltu01w,3,POR,421,84,33,44,22,3,27,13.294,False
beviltu01w,4,SEA,252,58,26,32,14,1,20,13.489,False
beviltu01w,5,SEA,358,79,26,29,38,2,26,13.807,False
beviltu01w,6,IND,873,194,63,80,60,0,51,13.301,False
beviltu01w,7,IND,999,223,77,79,71,1,54,13.302,False
beviltu01w,8,IND,901,180,75,92,56,2,53,13.023,False
beviltu01w,9,IND,876,175,68,65,59,4,35,12.825,False
beviltu01w,10,IND,861,209,79,97,62,8,48,13.783,False
bibbyje01w,1,NYL,69,19,5,11,3,0,12,16.459,False
bibrzag01w,5,SAS,465,159,28,40,21,7,32,16.428,True
bibrzag01w,7,SAS,751,361,66,48,26,12,47,19.879,False
birdsu01w,3,SEA,1121,461,83,191,55,3,109,20.376,True
birdsu01w,4,SEA,1136,420,113,221,48,1,110,20.054,False
birdsu01w,5,SEA,1136,439,106,184,51,5,87,20.116,False
birdsu01w,6,SEA,1020,364,72,176,29,6,87,19.355,False
birdsu01w,7,SEA,1065,389,102,162,61,5,88,19.329,False
birdsu01w,8,SEA,919,303,57,143,43,8,67,18.622,False
birdsu01w,9,SEA,1111,465,84,169,39,3,88,19.114,False
birdsu01w,10,SEA,1101,397,78,179,47,3,81,19.018,False
bjorkte01w,5,CHA,13,2,0,0,0,0,1,13.33,True
blackch01w,10,CON,428,97,107,6,13,27,25,16.705,True
blackde01w,1,MIA,820,152,92,98,58,1,50,13.566,False
blackde01w,2,MIA,946,180,126,123,82,2,51,14.658,False
blackde01w,3,MIA,899,153,123,137,59,5,32,14.852,False
blackde01w,4,CON,373,55,51,46,20,2,18,14.407,False
blackde01w,5,CON,347,55,36,47,19,0,15,14.075,False
blodgci01w,1,SAC,133,52,9,3,8,1,13,16.519,False
blodgci01w,2,SAC,72,34,9,6,6,1,11,16.632,False
blueni01w,7,WAS,181,54,20,36,18,0,18,19.611,True
blueni01w,8,WAS,420,107,63,48,22,5,37,16.78,False
blueni01w,9,WAS,537,99,41,73,19,2,42,13.652,False
blueni01w,10,WAS,91,24,10,12,7,0,13,16.483,False
blueoc01w,4,HOU,37,4,2,2,0,0,2,12.548,True
blueoc01w,5,HOU,155,44,21,5,1,0,7,16.403,False
bobbish01w,9,LAS,552,106,64,90,25,1,63,12.763,True
bobbish01w,10,LAS,353,71,33,46,15,1,28,12.644,False
boddiwh01w,10,SAC,9,2,0,0,1,0,1,13.561,True
boltoru01w,1,SAC,868,380,106,57,34,1,45,20.638,False
boltoru01w,2,SAC,582,222,93,55,28,1,39,20.446,False
boltoru01w,3,SAC,737,349,94,37,45,2,35,21.469,False
boltoru01w,4,SAC,521,149,57,35,33,2,21,19.758,False
boltoru01w,5,SAC,469,160,49,31,23,0,15,18.88,False
bondla01w,7,CHA,614,193,49,73,35,8,80,15.561,True
bondla01w,9,IND,325,74,31,27,15,4,33,14.131,False
bonfisu01w,3,PHO,306,105,37,23,12,0,18,17.224,True
bonnede01w,10,PHO,724,381,196,13,23,25,34,27.423,True
bowenli01w,8,NYL,37,9,2,1,0,0,4,13.415,True
boydca01w,2,DET,230,75,26,14,11,2,16,16.403,True
braxtka01w,6,DET,455,227,100,14,18,13,52,23.847,True
braxtka01w,7,DET,359,146,117,26,11,11,53,23.485,False
braxtka01w,8,DET,545,207,166,16,14,16,62,22.265,False
braxtka01w,9,DET,590,295,168,27,14,24,54,24.11,False
braxtka01w,10,DET,504,252,167,41,19,18,51,25.822,False
brazian01w,1,CHA,203,51,34,5,5,0,17,12.662,False
brazian01w,2,IND,341,127,77,7,9,13,20,18.166,False
bristre01w,2,CHA,5,0,2,0,0,0,1,13.331,True
brogami01w,1,PHO,725,211,111,49,30,6,36,16.575,False
brondsa01w,2,MIA,850,367,50,63,28,4,36,19.182,True
brondsa01w,3,MIA,763,263,41,46,26,4,40,17.044,False
brondsa01w,4,SEA,975,280,56,69,31,2,37,15.417,False
brownco01w,4,IND,522,186,41,31,21,4,36,16.29,True
brownco01w,5,IND,398,104,34,41,7,1,31,14.531,False
brownco01w,6,IND,23,6,2,3,1,0,3,16.505,False
brownco01w,7,CHI,252,48,22,26,10,0,18,13.223,False
browned01w,1,DET,619,188,88,72,24,5,68,16.366,False
browned01w,2,DET,800,237,101,87,33,7,68,16.287,False
browned01w,3,DET,549,115,82,58,25,7,60,15.131,False
browned01w,4,PHO,524,118,71,62,30,7,47,15.011,False
browned01w,7,HOU,28,4,4,1,1,0,2,16.469,False
brownki01w,3,WAS,108,28,12,6,5,0,5,14.033,True
brownki01w,4,WAS,269,60,32,28,13,1,22,13.588,False
brownki01w,5,WAS,371,104,50,42,13,2,33,14.78,False
brownki01w,6,HOU,18,0,1,2,1,0,2,16.461,False
brownki01w,6,WAS,14,2,0,0,2,0,2,16.488,False
brownki01w,7,NYL,58,20,8,9,2,0,3,16.577,False
brownki01w,8,LAS,327,131,39,48,12,3,25,20.194,False
brownki01w,8,MIN,29,11,5,2,1,1,2,16.558,False
brownki01w,9,LAS,530,158,59,66,19,0,39,17.372,False
brownki01w,10,CON,393,130,55,38,13,3,29,17.382,False
brownru01w,1,CLE,679,253,124,44,38,13,59,20.163,False
brownru01w,2,CLE,760,249,132,37,44,10,37,19.281,False
brownru01w,3,CLE,468,112,75,27,21,8,39,17.51,False
brownru01w,4,CHA,483,125,83,16,29,10,35,16.846,False
brumfma01w,1,MIN,613,124,60,42,22,2,40,11.24,False
brumfma01w,2,MIA,247,44,25,32,20,0,24,11.772,False
brumfma01w,4,CHA,123,18,10,14,1,1,6,16.295,False
brungje01w,5,CON,314,50,37,27,4,4,12,10.823,True
brungje01w,6,CON,47,2,6,2,0,0,2,16.374,False
brungje01w,7,CON,7,0,0,0,0,0,1,16.49,False
brunsre01w,5,SAC,494,151,122,19,23,13,29,19.341,True
brunsre01w,6,SAC,722,265,187,16,28,15,42,20.447,False
brunsre01w,7,SAC,597,232,191,17,21,15,40,21.693,False
brunsre01w,8,SAC,932,378,295,24,44,31,58,23.117,False
brunsre01w,9,SAC,779,327,213,13,36,20,51,23.44,False
brunsre01w,10,SAC,665,331,190,9,40,16,45,24.857,False
bullevi01w,1,WAS,1094,342,183,42,64,47,58,18.754,False
bullevi01w,2,WAS,1073,278,231,41,53,58,53,18.427,False
bullevi01w,3,WAS,953,271,186,53,54,37,56,18.464,False
burgean01w,2,WAS,731,124,76,88,26,2,60,11.071,True
burgean01w,3,WAS,632,125,62,93,34,4,41,12.596,False
burgean01w,4,WAS,841,131,79,112,27,1,52,11.763,False
burgeli01w,1,SAC,41,12,17,2,1,0,4,16.573,False
burraal01w,1,POR,314,159,74,6,3,7,36,22.907,False
burraal01w,2,POR,272,106,59,10,5,3,30,20.581,False
burraal01w,3,POR,633,278,147,7,10,7,49,20.825,False
burraal01w,4,SEA,270,89,61,5,5,5,25,19.75,False
burseja01w,2,MIN,169,47,42,5,2,15,20,17.659,True
burseja01w,3,MIN,344,83,60,7,7,13,18,15.211,False
burseja01w,4,MIN,438,206,108,19,13,28,42,20.951,False
burseja01w,5,SEA,514,141,96,19,23,36,41,19.324,False
burseja01w,6,SEA,859,340,199,23,19,40,78,20.266,False
burseja01w,7,SEA,737,300,178,22,17,25,55,21.137,False
burseja01w,8,SEA,709,256,154,22,13,28,58,20.179,False
burseja01w,10,SEA,541,207,107,10,21,31,35,20.644,False
buttsta01w,5,MIN,423,76,62,25,13,7,23,11.983,True
byearla01w,1,SAC,521,181,122,21,30,5,35,20.149,False
byearla01w,2,LAS,739,297,183,29,42,13,38,22.112,False
byearla01w,3,LAS,486,182,141,13,19,4,20,22.12,False
byearla01w,4,LAS,72,28,21,2,0,2,2,16.64,False
byearla01w,7,WAS,330,112,87,10,12,2,35,21.039,False
byearla01w,8,HOU,327,151,75,16,23,5,37,21.779,False
byearla01w,9,HOU,46,18,12,1,3,0,1,16.608,False
campbed01w,1,SEA,510,222,34,37,19,4,40,18.826,False
campbed01w,2,SAC,854,260,85,74,19,9,64,16.088,False
campbed01w,3,SAC,12,4,1,0,1,0,0,16.528,False
campbed01w,4,SAC,724,267,70,43,21,5,43,16.596,False
campbed01w,5,SAC,332,74,19,16,5,2,15,14.519,False
campbed01w,6,SAS,248,48,14,14,7,0,15,12.874,False
campbmi01w,1,WAS,22,6,2,1,0,1,3,16.495,False
cantydo01w,1,DET,784,257,70,82,49,5,51,17.527,False
cantydo01w,2,DET,625,197,83,70,31,1,55,17.322,False
cantydo01w,3,DET,625,160,69,83,21,4,56,16.114,False
cantydo01w,4,HOU,648,172,100,56,22,1,49,15.677,False
cantydo01w,5,HOU,770,177,84,64,32,1,45,14.379,False
cantydo01w,6,HOU,997,270,108,101,29,2,67,14.217,False
cantydo01w,7,HOU,431,164,52,44,17,0,35,15.304,False
cantydo01w,8,CHI,776,259,64,123,30,4,57,16.395,False
cantydo01w,9,CHI,737,226,71,115,28,3,54,16.988,False
cantydo01w,10,CHI,776,234,63,109,28,5,57,16.951,False
careyja01w,6,CON,86,18,6,7,2,0,4,14.48,True
careyja01w,7,CON,286,63,16,32,7,0,17,11.45,False
careyja01w,8,CON,419,112,30,30,4,0,16,12.187,False
careyja01w,9,CON,499,137,40,47,8,1,22,13.032,False
carsoes01w,9,NYL,646,223,76,31,32,8,35,17.465,True
carsoes01w,10,NYL,859,340,72,46,37,10,54,17.879,False
carteam01w,5,DET,13,1,4,0,2,0,3,13.677,True
carteam01w,6,NYL,13,0,2,0,0,0,1,16.474,False
cashsw01w,3,DET,1079,474,222,86,37,31,100,22.941,True
cashsw01w,4,DET,1097,548,193,119,43,23,108,24.063,False
cashsw01w,5,DET,1105,526,208,135,44,29,81,24.72,False
cashsw01w,6,DET,458,119,88,43,12,6,47,22.722,False
cashsw01w,7,DET,990,358,168,106,20,11,88,20.99,False
cashsw01w,8,DET,959,344,189,79,19,13,81,19.707,False
cashsw01w,9,SEA,927,351,167,58,21,32,69,19.114,False
cashsw01w,10,SEA,1094,390,214,82,28,16,91,19.227,False
cassija01w,1,MIA,175,74,23,9,5,2,13,16.659,False
castriz01w,3,MIA,182,66,17,7,7,0,18,15.27,True
castriz01w,4,PHO,178,69,12,9,6,1,10,16.545,False
castriz01w,6,SEA,879,269,97,49,18,4,59,14.769,False
castriz01w,7,SEA,655,246,72,47,23,2,49,16.069,False
castriz01w,8,SEA,963,419,96,95,35,4,64,18.29,False
castriz01w,9,ATL,671,269,65,52,27,6,57,18.376,False
castriz01w,10,ATL,915,488,75,67,36,2,83,20.512,False
catchta01w,3,IND,1167,594,276,118,94,43,82,29.287,True
catchta01w,4,IND,1210,671,272,114,72,35,102,29.153,False
catchta01w,5,IND,1149,568,249,115,67,38,77,28.36,False
catchta01w,6,IND,1174,501,264,143,90,16,91,27.189,False
catchta01w,7,IND,1071,521,240,119,94,35,79,27.45,False
catchta01w,8,IND,678,348,189,98,66,22,62,28.404,False
catchta01w,9,IND,694,332,157,83,49,11,61,28.019,False
catchta01w,10,IND,1084,512,245,107,99,18,88,27.87,False
caufila01w,3,UTA,65,19,5,1,7,0,8,14.711,True
chambco01w,8,CON,1,0,0,0,0,0,2,14.551,True
chanequ01w,9,CHI,241,68,28,24,16,3,23,16.028,True
chapmji01w,3,DET,119,22,26,0,3,2,8,11.98,True
choneka01w,5,WAS,115,28,17,4,1,4,11,12.522,True
choneka01w,6,WAS,61,14,6,1,1,0,4,16.419,False
choneka01w,7,SEA,16,0,0,0,0,0,1,16.446,False
chriska01w,3,PHO,413,120,80,15,24,13,32,17.529,True
chriska01w,4,PHO,659,206,126,16,25,16,39,17.462,False
chriska01w,5,PHO,407,50,69,23,21,7,26,15.0,False
chriska01w,6,PHO,108,18,22,7,7,5,10,16.465,False
chriska01w,7,HOU,88,18,19,4,0,0,11,16.39,False
chriska01w,7,PHO,53,3,14,2,3,1,5,16.431,False
chriska01w,8,CHI,212,48,43,7,10,5,21,13.271,False
chrissh01w,5,NYL,560,191,68,23,9,9,32,16.091,True
chrissh01w,6,NYL,809,311,92,41,33,19,50,17.874,False
chrissh01w,7,NYL,987,423,120,44,20,42,82,18.905,False
chrissh01w,8,NYL,1065,368,149,70,34,19,82,18.255,False
chrissh01w,9,NYL,947,488,94,51,35,17,61,20.113,False
chrissh01w,10,NYL,1014,514,156,56,28,27,56,21.803,False
cironkr01w,10,CON,23,7,5,4,2,0,0,14.554,True
clearmi01w,1,PHO,509,57,37,77,34,2,14,11.528,False
clearmi01w,2,PHO,49,2,3,9,2,0,3,16.406,False
clinest01w,1,SAC,285,66,30,49,12,1,25,14.754,False
clinest01w,2,SAC,75,10,3,14,1,0,6,16.372,False
clinest01w,3,DET,105,27,5,17,1,1,6,16.449,False
coggicl01w,8,CHI,196,49,16,8,5,1,19,10.745,True
cokermo01w,5,LAS,14,3,1,3,0,1,3,14.795,True
colemco01w,4,CON,141,36,22,1,8,2,13,13.532,True
colemma01w,10,WAS,525,171,76,22,20,9,34,16.786,True
colleka01w,1,MIA,873,264,63,50,27,7,65,13.674,False
colleka01w,2,MIA,121,26,7,7,2,1,7,16.317,False
consuca01w,2,UTA,50,2,6,10,4,0,11,14.669,True
coopeca01w,2,NYL,51,26,11,1,0,2,3,13.497,True
coopeca01w,3,NYL,119,27,16,3,4,5,10,16.407,False
coopecy01w,1,HOU,1085,550,85,156,39,6,99,23.04,False
coopecy01w,4,HOU,144,64,10,22,4,1,14,16.675,False
crawlsy01w,1,POR,930,357,185,34,29,24,88,19.421,False
crawlsy01w,2,POR,921,299,203,54,19,26,61,19.062,False
crawlsy01w,3,POR,819,279,134,47,18,37,62,18.755,False
crawlsy01w,4,SAS,564,115,105,19,18,19,40,17.188,False
crockda01w,3,UTA,84,29,13,2,0,2,3,14.765,True
crockwi01w,9,PHO,41,9,11,0,4,1,1,16.222,True
cronika01w,7,CHI,134,24,12,2,6,2,11,9.161,True
cunnibe01w,1,WAS,198,59,21,12,2,0,12,16.382,False
cunnida01w,3,ORL,21,0,2,0,2,0,1,12.116,True
currimo01w,7,CHA,844,339,132,87,34,4,62,20.768,True
currimo01w,8,CHI,61,29,12,4,1,0,4,16.628,False
currimo01w,8,WAS,771,325,121,54,23,7,47,20.763,False
currimo01w,9,WAS,972,403,141,86,30,12,87,20.448,False
currimo01w,10,WAS,728,278,146,61,29,14,57,20.661,False
curryed01w,4,PHO,205,33,11,24,9,0,15,9.834,True
curryed01w,6,LAS,113,23,11,12,7,1,10,16.412,False
dalesst01w,3,WAS,805,303,81,84,16,4,68,17.481,True
dalesst01w,4,WAS,998,340,101,114,29,12,72,17.4,False
dalesst01w,5,WAS,782,254,64,78,20,3,37,16.873,False
dalesst01w,7,CHI,454,161,27,40,9,1,32,16.52,False
dalesst01w,8,CHI,845,319,55,83,20,0,57,16.573,False
daleygr01w,1,MIN,577,173,72,57,12,0,50,14.993,False
daleygr01w,2,NYL,66,25,8,10,8,1,7,16.638,False
daleygr01w,3,HOU,185,63,23,16,3,1,17,16.502,False
daleygr01w,4,PHO,28,2,2,3,0,1,3,16.442,False
darlihe01w,1,CLE,556,155,63,65,37,5,67,15.52,False
darlihe01w,2,CLE,778,196,76,109,34,4,70,14.875,False
darlihe01w,4,CLE,832,141,87,128,39,6,74,13.585,False
darlihe01w,5,MIN,707,140,67,115,30,4,74,13.253,False
darlihe01w,6,CHA,600,107,47,83,41,0,51,12.724,False
darlihe01w,7,CHA,607,158,59,82,35,3,73,13.149,False
darlihe01w,8,SAS,684,134,69,103,45,1,53,13.544,False
darlihe01w,9,SAS,580,108,73,54,33,3,45,13.248,False
darlihe01w,10,SAS,642,104,61,100,30,5,40,13.059,False
davenje01w,8,NYL,382,176,88,9,7,29,44,23.475,True
davenje01w,9,NYL,154,65,40,4,4,10,18,16.78,False
davenje01w,10,IND,181,72,40,6,7,14,21,16.787,False
davisbr01w,7,LAS,118,41,13,8,5,1,5,17.756,True
davisde01w,8,HOU,19,6,0,0,0,0,5,12.552,True
davista02w,10,DET,4,2,2,0,0,0,0,13.677,True
deforan01w,1,DET,433,145,47,47,27,4,33,18.183,False
deforan01w,4,PHO,1065,405,105,72,51,12,53,18.627,False
deforan01w,5,PHO,1152,488,123,107,51,8,68,19.725,False
deforan01w,6,PHO,1131,433,114,80,41,7,81,18.902,False
deforan01w,7,IND,1001,348,146,76,39,9,55,18.762,False
deforan01w,8,IND,795,296,111,52,26,4,46,18.668,False
deforan01w,9,MIN,847,288,103,59,27,5,31,17.995,False
deforan01w,10,DET,113,10,20,10,4,0,7,16.315,False
derevje01w,5,CON,140,19,9,14,8,0,10,9.283,True
derevje01w,6,CON,359,24,30,40,11,2,26,7.332,False
derevje01w,7,PHO,467,96,57,68,23,7,25,11.947,False
derevje01w,8,PHO,200,36,23,24,6,1,16,11.867,False
derevje01w,9,PHO,145,14,17,27,2,4,10,16.307,False
desouer01w,3,LAS,41,12,14,2,3,0,6,14.799,True
desouer01w,8,CON,391,136,97,14,7,29,35,20.638,False
desouer01w,9,ATL,277,112,79,8,17,21,20,23.041,False
desouer01w,10,ATL,928,402,309,38,32,44,70,25.155,False
dickeke01w,1,MIN,791,142,141,59,37,2,70,12.379,False
dickeke01w,2,UTA,6,0,1,1,0,0,0,16.506,False
dillata01w,4,SAS,168,41,15,15,7,4,14,13.543,True
dillata01w,5,SAS,205,37,14,19,4,1,14,11.108,False
dillata01w,6,SAS,51,9,6,3,2,0,3,16.445,False
dixonta01w,1,LAS,882,338,105,96,40,10,60,19.865,False
dixonta01w,2,LAS,925,340,85,114,27,2,71,18.656,False
dixonta01w,3,LAS,958,319,92,119,28,5,82,17.699,False
dixonta01w,4,LAS,1042,412,126,89,35,10,69,18.383,False
dixonta01w,5,LAS,913,311,110,112,36,1,71,18.068,False
dixonta01w,6,LAS,607,160,67,77,24,2,40,17.3,False
dixonta01w,7,HOU,591,162,60,54,13,2,58,16.045,False
dixonta01w,8,HOU,490,216,57,57,24,6,38,17.425,False
dixonta01w,9,HOU,634,216,76,44,25,3,48,17.052,False
dixonta01w,10,IND,424,132,51,37,12,3,27,16.935,False
donapbe01w,4,NYL,2,0,0,0,0,0,0,13.419,True
donapbe01w,5,NYL,479,131,71,16,11,8,21,14.703,False
doronsh01w,8,NYL,35,10,3,0,3,0,1,13.42,True
dossaci01w,1,ORL,820,228,124,38,16,63,54,16.797,False
dossaci01w,2,ORL,65,19,6,2,3,5,7,16.505,False
dossaci01w,3,ORL,260,88,35,10,4,13,20,16.764,False
douglka01w,2,ORL,439,154,51,39,37,7,44,18.877,True
douglka01w,3,ORL,830,271,135,53,49,13,42,18.876,False
douglka01w,4,CON,843,336,106,56,31,11,28,19.53,False
douglka01w,5,CON,1120,364,132,90,50,13,52,18.552,False
douglka01w,6,CON,998,351,130,94,48,4,54,18.65,False
douglka01w,7,CON,1003,525,121,79,62,4,73,20.905,False
douglka01w,8,CON,1133,577,158,125,65,10,95,22.632,False
douglka01w,9,IND,1134,516,135,106,53,11,100,22.681,False
douglka01w,10,IND,1003,547,120,85,56,7,75,23.946,False
duffyme01w,7,MIN,387,105,29,36,9,0,24,13.274,True
duffyme01w,8,MIN,48,7,5,7,1,0,4,16.443,False
duffyme01w,9,NYL,45,11,2,3,0,0,5,16.431,False
dupreca01w,7,CHI,1032,467,188,60,43,25,60,23.253,True
dupreca01w,8,CHI,1078,544,254,46,29,41,81,24.673,False
dupreca01w,9,CHI,1119,555,270,78,36,45,98,25.34,False
dupreca01w,10,CHI,1186,534,268,75,35,41,81,24.817,False
dydekma01w,1,UTA,775,294,175,51,18,96,82,23.635,False
dydekma01w,2,UTA,970,349,243,64,25,113,90,23.684,False
dydekma01w,3,UTA,876,394,262,71,25,107,96,25.835,False
dydekma01w,4,SAS,926,406,251,58,19,100,80,26.163,False
dydekma01w,5,SAS,682,225,168,60,20,48,64,24.876,False
dydekma01w,6,CON,671,225,195,38,8,71,47,24.461,False
dydekma01w,7,CON,743,320,206,40,21,85,50,25.14,False
dydekma01w,8,CON,643,214,209,31,12,66,51,24.43,False
dydekma01w,9,LAS,14,4,3,0,0,0,0,16.523,False
edwarmi01w,1,CLE,17,8,2,1,0,0,4,16.521,False
edwarmi01w,1,SEA,455,131,34,40,14,5,38,13.862,False
edwarmi01w,2,SEA,13,4,2,4,1,0,3,16.538,False
edwarsi01w,1,SEA,645,216,107,22,16,10,45,16.789,False
edwarsi01w,2,SEA,810,237,157,26,24,20,37,16.944,False
edwarsi01w,3,SEA,694,223,141,19,21,12,44,17.185,False
edwarsi01w,4,SEA,577,157,133,16,10,9,31,16.825,False
edwarsi01w,5,SEA,257,48,56,5,8,3,13,16.054,False
edwarsi01w,6,SEA,201,55,31,3,4,2,4,15.539,False
edwarte01w,4,MIN,854,181,105,148,41,11,92,14.573,True
edwarte01w,5,MIN,697,194,90,79,47,8,93,15.13,False
edwarto01w,1,PHO,926,338,76,58,36,9,63,16.822,False
edwarto01w,2,CHA,372,100,43,30,14,6,40,15.738,False
edwarto01w,2,PHO,208,94,19,18,5,1,22,17.381,False
edwarto01w,3,CHA,303,112,41,24,16,2,17,17.44,False
elysh01w,6,SAS,528,139,62,27,7,4,33,12.9,True
elysh01w,7,SAS,136,41,31,10,2,0,13,16.528,False
elysh01w,8,SEA,282,65,39,11,8,1,19,13.147,False
elysh01w,9,SEA,389,113,90,16,12,5,29,14.953,False
elysh01w,10,CHI,497,232,88,20,12,8,36,18.846,False
enissh01w,1,CHA,323,139,45,10,10,1,16,19.761,False
enissh01w,2,CHA,623,191,113,14,10,5,36,16.697,False
enissh01w,3,CHA,59,19,9,3,1,2,1,16.552,False
enissh01w,4,CHA,613,252,125,16,29,2,41,19.062,False
erbsu01w,1,CHA,275,92,63,10,8,6,17,19.008,False
erbsu01w,2,CHA,148,54,35,4,1,5,10,16.645,False
erbsu01w,3,CHA,342,88,71,10,13,11,35,16.845,False
ervinla01w,10,CON,56,16,13,0,1,0,2,14.562,True
fallotr01w,2,PHO,841,322,77,33,35,12,47,17.683,True
farriba01w,1,DET,130,45,32,2,6,1,14,16.587,False
farriba01w,2,DET,559,129,109,16,7,5,30,14.051,False
farriba01w,3,DET,564,143,94,16,12,9,38,13.849,False
farriba01w,4,DET,522,127,82,23,10,4,41,13.411,False
farriba01w,5,DET,422,118,61,7,8,2,26,13.296,False
farriba01w,6,DET,444,83,84,19,8,1,43,12.38,False
farriba01w,7,NYL,944,261,178,51,21,5,65,13.966,False
farriba01w,8,NYL,237,53,43,13,6,1,19,13.908,False
farriba01w,9,PHO,553,118,130,8,20,4,35,13.957,False
farriba01w,10,DET,110,17,18,5,5,0,9,16.345,False
feastal01w,1,LAS,469,202,85,33,23,2,35,21.884,False
feastal01w,2,CHA,1007,365,153,46,29,10,59,18.914,False
feastal01w,3,CHA,956,379,118,61,39,12,40,19.391,False
feastal01w,4,CHA,1096,422,113,73,52,9,72,18.981,False
feastal01w,5,CHA,1052,388,84,60,27,6,68,17.757,False
feastal01w,6,CHA,666,192,37,51,14,2,38,16.379,False
feastal01w,7,CHA,309,55,20,21,13,2,14,14.784,False
feastal01w,9,IND,301,85,23,26,5,3,14,13.792,False
feifesu01w,6,SAC,24,7,1,3,0,0,2,13.56,True
ferdima01w,2,UTA,864,366,86,79,40,4,63,20.058,True
ferdima01w,3,UTA,1065,489,107,91,51,7,89,20.703,False
ferdima01w,4,SAS,1116,470,127,90,58,6,85,20.461,False
ferdima01w,5,SAS,509,199,54,29,32,2,35,20.073,False
ferdima01w,6,SAS,999,388,116,68,46,5,70,19.468,False
ferdima01w,8,SAS,481,164,81,28,19,3,37,18.771,False
ferdima01w,9,LAS,680,276,85,43,25,4,41,18.785,False
ferdima01w,10,LAS,339,151,41,24,15,2,22,19.326,False
fernama01w,8,LAS,891,297,72,101,36,14,90,16.368,True
ferrama01w,1,NYL,154,50,17,4,0,2,11,16.414,False
figgsuk01w,1,LAS,803,215,55,127,21,3,43,15.077,False
figgsuk01w,2,LAS,930,257,100,126,43,4,55,15.902,False
figgsuk01w,3,POR,866,264,80,104,25,2,44,16.024,False
figgsuk01w,4,HOU,952,149,81,82,26,1,59,13.273,False
firsool01w,1,NYL,19,12,4,1,0,1,2,16.59,False
floremi01w,1,MIA,474,112,23,49,23,3,48,11.757,False
flukety01w,7,CHA,324,76,66,9,2,14,21,14.422,True
flukety01w,8,LAS,114,39,19,3,3,7,9,16.582,False
flukety01w,8,SEA,31,1,7,0,0,1,3,16.433,False
flukety01w,9,CHI,231,70,34,10,6,8,18,15.316,False
folklkr01w,1,MIN,845,242,154,67,23,22,50,17.327,False
folklkr01w,2,POR,862,180,245,45,20,34,39,17.199,False
folklkr01w,3,POR,602,155,148,32,18,17,32,17.332,False
fordch01w,4,DET,956,344,334,27,32,31,79,22.76,True
fordch01w,5,DET,912,329,297,34,41,25,54,23.04,False
fordch01w,6,DET,932,313,322,26,33,46,69,22.878,False
fordch01w,7,DET,920,443,363,45,38,25,58,25.429,False
fordch01w,8,DET,460,195,168,22,28,11,42,26.0,False
fordch01w,9,DET,637,243,208,22,24,9,23,25.533,False
fordch01w,10,DET,755,249,215,25,28,13,49,23.589,False
fordki01w,1,MIA,424,104,62,21,32,1,27,14.96,False
fordki01w,2,MIA,395,71,65,21,17,5,18,13.735,False
fordst01w,2,NYL,3,2,1,0,0,0,0,13.419,True
fordst01w,3,SAC,12,2,2,1,0,0,1,16.505,False
fowlesy01w,9,CHI,430,178,127,5,19,36,37,25.074,True
fowlesy01w,10,CHI,692,270,188,19,21,35,76,22.744,False
francde01w,1,NYL,2,0,0,0,0,0,0,16.517,False
frankaq01w,9,SAC,351,53,45,59,16,1,26,12.779,True
frankaq01w,10,SEA,20,0,2,1,1,0,1,16.459,False
frazeme01w,10,SAS,326,145,84,15,8,5,21,23.477,True
fresest01w,1,UTA,222,62,18,17,4,0,14,13.086,False
frettla01w,1,LAS,187,40,24,6,7,6,13,16.327,False
frettla01w,2,SAC,403,128,55,18,10,6,32,14.708,False
frettla01w,3,SAC,648,187,95,23,5,19,27,15.059,False
frettla01w,4,SAC,150,36,23,12,2,3,10,16.427,False
frettla01w,5,CHA,71,15,10,4,1,2,10,16.411,False
frettla01w,5,NYL,276,102,40,14,9,5,14,16.297,False
frettla01w,6,NYL,361,98,38,18,12,4,18,15.27,False
friertr01w,5,SEA,22,7,5,0,0,0,1,14.778,True
frohlli01w,3,NYL,67,6,13,1,2,0,4,13.353,True
frohlli01w,4,NYL,214,83,36,15,6,8,14,18.407,False
frohlli01w,7,IND,169,66,35,9,5,0,13,16.671,False
frohlli01w,8,SAC,51,14,9,2,1,1,12,16.446,False
futreca01w,5,CON,144,42,19,10,5,1,7,15.85,True
gaithka01w,1,IND,24,6,3,1,0,1,1,16.507,False
gaithka01w,1,UTA,54,14,17,4,4,0,4,16.577,False
gaithka01w,3,LAS,5,0,1,1,0,0,1,16.506,False
gaithka01w,3,WAS,1,0,0,0,0,0,0,16.522,False
garcibe01w,3,DET,64,8,4,9,3,0,11,13.601,True
gardike01w,9,CON,540,137,111,41,29,7,45,16.527,True
gardike01w,10,CON,596,180,143,39,25,24,38,18.604,False
gardnan01w,3,UTA,198,57,61,5,3,3,13,18.2,True
gardnan01w,9,WAS,178,57,50,6,3,0,11,16.62,False
garnean01w,1,SEA,560,101,98,25,27,10,43,12.471,False
gaydeco01w,1,ORL,7,2,0,1,0,0,0,16.51,False
gearlka01w,8,SEA,437,132,53,24,12,6,20,15.644,True
gearlka01w,9,SEA,468,171,44,21,11,3,15,16.417,False
gearlka01w,10,SEA,243,82,26,11,6,3,12,16.311,False
gibsoke01w,1,HOU,76,24,12,2,1,0,4,16.498,False
gibsoke01w,2,HOU,288,44,29,13,8,6,15,10.477,False
gibsoke01w,3,HOU,276,60,20,14,8,7,21,10.741,False
gibsoke01w,4,HOU,209,38,16,8,1,5,9,10.244,False
gilloje01w,1,PHO,826,376,116,45,21,29,59,21.678,False
gilloje01w,2,PHO,858,395,127,35,31,19,71,21.479,False
gilloje01w,3,PHO,874,473,116,37,29,21,61,22.742,False
gilloje01w,4,LAS,397,103,55,21,16,3,9,21.02,False
gilmous01w,1,IND,21,2,5,2,0,0,4,16.471,False
gisseka01w,9,LAS,14,0,2,0,0,0,1,14.793,True
givench01w,9,DET,10,2,0,2,0,0,2,13.676,True
gomisem01w,7,NYL,15,3,0,0,1,0,1,13.419,True
goodsad01w,1,UTA,929,498,164,69,41,7,81,25.281,False
goodsad01w,2,UTA,854,343,152,58,27,0,75,22.045,False
goodsad01w,3,UTA,1101,503,181,67,45,6,102,21.744,False
goodsad01w,4,SAS,969,371,185,71,24,6,85,20.805,False
goodsad01w,5,SAS,1068,372,235,60,28,2,67,19.642,False
goodsad01w,6,CHA,215,70,35,6,3,1,18,19.109,False
goodsad01w,6,HOU,271,72,36,15,8,0,16,18.814,False
goringi01w,8,WAS,156,54,41,3,5,12,4,22.846,True
gortmsh01w,3,MIN,369,91,61,21,13,6,25,14.624,True
gortmsh01w,4,MIN,200,50,32,14,11,1,20,14.542,False
gortmsh01w,5,WAS,24,0,4,2,0,1,2,16.455,False
gortmsh01w,7,SEA,265,56,48,17,11,2,25,13.535,False
granter01w,8,HOU,211,25,19,37,7,0,11,10.834,True
grecomi01w,5,SEA,73,29,10,8,3,0,8,14.843,True
greenci01w,7,SEA,24,2,8,0,0,0,0,14.777,True
grginve01w,1,LAS,183,49,23,12,3,1,14,16.371,False
grginve01w,2,LAS,223,71,35,12,4,1,15,14.949,False
grginve01w,3,LAS,79,31,8,1,1,0,8,16.491,False
griffyo01w,1,SAC,1026,523,331,47,83,61,82,30.674,False
griffyo01w,2,SAC,1077,518,357,54,63,37,75,29.381,False
griffyo01w,3,SAC,577,288,148,19,16,13,45,28.036,False
griffyo01w,4,SAC,1015,469,248,46,57,39,75,26.906,False
griffyo01w,5,SAC,1031,494,246,42,75,41,59,26.514,False
griffyo01w,6,SAC,962,469,223,52,42,31,68,25.969,False
griffyo01w,7,SAC,854,407,219,56,44,16,66,25.978,False
griffyo01w,8,SAC,738,289,147,47,33,12,65,24.231,False
griffyo01w,9,SEA,658,217,189,45,43,17,51,23.18,False
griffyo01w,10,IND,41,19,7,0,0,2,3,16.575,False
groomla01w,1,SAC,401,124,44,13,10,3,21,14.562,False
groomla01w,2,SAC,543,141,78,38,15,10,25,15.001,False
groomla01w,3,SAC,850,227,99,39,21,8,46,14.148,False
groomla01w,4,SAC,470,111,46,29,17,5,21,13.807,False
groomla01w,5,SAC,235,49,18,11,7,2,2,13.337,False
grubigo01w,1,IND,720,239,76,63,31,0,60,16.265,False
grubigo01w,2,IND,481,170,49,33,7,0,34,16.019,False
grubigo01w,3,PHO,859,317,64,104,36,3,58,17.199,False
grubigo01w,5,HOU,24,2,1,0,0,0,3,16.423,False
grubigo01w,6,LAS,41,1,6,5,1,0,2,16.422,False
grudasa01w,9,CON,476,193,110,28,19,26,41,23.135,True
grudasa01w,10,CON,810,350,165,35,23,41,68,22.69,False
hairska01w,8,CON,148,32,30,6,7,0,9,14.084,True
hallam01w,3,POR,104,30,26,1,7,1,12,16.788,True
hallvi01w,1,CLE,577,150,92,24,17,8,25,14.893,False
hallvi01w,2,CLE,225,65,33,9,1,5,11,14.871,False
hallvi01w,2,IND,123,36,16,4,4,0,7,16.455,False
hallvi01w,3,LAS,19,7,2,1,1,0,1,16.533,False
hammobe01w,1,NYL,835,351,64,58,29,1,62,18.237,False
hammobe01w,2,NYL,619,262,52,51,27,1,48,18.684,False
hammobe01w,3,NYL,659,256,68,54,25,0,55,18.345,False
hammobe01w,4,NYL,257,162,21,18,10,1,27,19.733,False
hammobe01w,5,NYL,1130,460,118,150,58,2,118,20.005,False
hammobe01w,6,NYL,1180,473,114,146,60,2,107,19.852,False
hammobe01w,7,NYL,674,323,66,81,29,3,65,20.679,False
hammobe01w,8,SAS,934,527,77,140,23,5,114,21.931,False
hammobe01w,9,SAS,1101,582,91,161,43,7,104,23.089,False
hammobe01w,10,SAS,1049,604,103,156,49,12,111,24.859,False
hamzoro01w,1,ORL,43,7,3,5,5,0,4,16.477,False
hardili01w,8,MIN,602,233,87,78,20,6,47,20.428,True
hardili01w,9,MIN,591,154,56,76,27,4,55,16.998,False
hardili01w,10,WAS,1194,435,135,154,43,13,101,18.111,False
harpela01w,9,SAC,560,188,137,12,15,20,48,18.881,True
harpela01w,10,SAC,460,150,113,20,13,22,42,19.195,False
harrido01w,1,IND,67,8,9,5,2,1,11,16.353,False
harrili01w,1,PHO,750,200,121,36,30,4,22,15.768,False
harrili01w,2,PHO,915,246,139,52,39,1,49,15.384,False
harrili01w,3,PHO,899,262,126,40,31,3,45,15.318,False
harrili01w,4,PHO,838,183,118,36,29,6,34,14.414,False
harrili01w,6,PHO,297,41,39,10,5,1,12,13.254,False
harrokr01w,2,MIN,72,21,4,11,3,0,3,16.342,True
harrokr01w,3,MIN,481,96,46,54,12,0,28,12.267,False
harrokr01w,4,MIN,499,88,39,72,18,3,39,11.828,False
harrokr01w,6,MIN,832,156,82,96,38,1,54,12.039,False
harrokr01w,10,LAS,520,97,57,69,16,0,27,12.191,False
haydeva01w,5,MIN,350,153,84,7,7,29,34,23.544,True
haydeva01w,6,MIN,595,246,163,23,15,68,63,24.657,False
haydeva01w,7,MIN,424,177,115,19,6,44,44,24.643,False
haydeva01w,9,MIN,304,157,105,12,14,14,26,26.087,False
haydeva01w,10,LAS,269,94,67,6,4,22,19,24.83,False
haynikr01w,6,SAC,434,104,62,43,33,1,35,15.512,True
haynikr01w,7,SAC,476,140,67,68,27,2,46,16.721,False
haynikr01w,8,SAC,545,126,37,70,18,6,68,14.218,False
haynikr01w,9,ATL,486,94,56,82,30,4,47,14.211,False
haynikr01w,10,DET,161,44,25,11,14,0,10,16.548,False
haynikr01w,10,SAC,156,47,15,18,13,1,15,16.545,False
headde01w,1,PHO,149,27,18,15,4,0,11,16.315,False
hendene01w,2,HOU,179,26,21,22,6,0,16,10.237,True
hendetr01w,3,CLE,173,35,34,3,3,7,18,12.132,True
hendetr01w,4,CLE,45,2,14,3,1,1,4,16.452,False
henniso01w,1,SEA,980,168,86,79,61,3,54,11.377,False
henniso01w,2,SEA,902,108,71,93,52,6,43,10.598,False
henniso01w,3,HOU,521,44,58,51,23,6,36,9.952,False
henniso01w,3,SEA,207,18,26,15,9,1,7,10.349,False
henniso01w,4,IND,290,24,25,29,14,0,13,8.995,False
henniso01w,4,WAS,5,0,0,0,1,0,0,16.507,False
herriam01w,1,UTA,341,91,59,20,7,5,29,14.569,False
herriam01w,2,UTA,448,121,81,14,8,14,35,14.763,False
herriam01w,3,UTA,269,68,57,4,9,14,21,15.18,False
hibbeka01w,1,SEA,240,53,30,18,7,1,17,12.405,False
hicksje01w,1,ORL,157,38,26,4,2,7,17,16.373,False
hicksje01w,2,ORL,456,169,92,22,23,17,53,18.51,False
hicksje01w,3,ORL,471,190,102,23,19,25,51,20.321,False
hicksje01w,4,CON,253,98,48,6,11,9,26,20.103,False
hicksje01w,5,SAS,371,127,57,18,17,13,34,19.568,False
hillec01w,1,CHA,213,39,23,14,5,1,25,9.025,False
hillec01w,2,PHO,8,0,0,1,1,0,0,16.501,False
hledeko01w,1,UTA,867,312,93,92,38,4,76,17.867,False
hledeko01w,2,UTA,455,151,40,43,25,1,42,17.185,False
hledeko01w,3,NYL,129,26,16,12,6,2,21,16.33,False
hodgedo01w,5,LAS,245,43,22,16,10,2,17,10.242,True
hodgedo01w,6,LAS,669,178,47,77,18,7,48,13.063,False
hodgedo01w,7,LAS,456,131,42,66,14,4,43,14.064,False
hodgedo01w,8,SEA,33,10,2,6,1,0,5,16.506,False
hodgedo01w,9,IND,56,16,6,2,3,1,6,16.484,False
hodgero01w,6,HOU,188,33,17,7,3,0,3,9.709,True
hodgero01w,7,HOU,698,247,65,32,16,4,36,14.979,False
hodgero01w,8,HOU,331,102,30,27,13,0,20,15.105,False
hodgero01w,9,HOU,274,110,30,19,5,2,10,16.262,False
hodgero01w,10,MIN,902,328,99,64,21,15,36,17.554,False
hoffmeb01w,5,IND,334,60,87,21,15,5,27,14.734,True
hoffmeb01w,6,IND,497,120,97,16,21,10,23,15.256,False
hoffmeb01w,7,IND,851,218,193,46,37,16,73,15.958,False
hoffmeb01w,8,IND,582,144,137,26,21,18,41,16.202,False
hoffmeb01w,9,IND,1013,342,258,61,47,26,79,18.539,False
hoffmeb01w,10,IND,1005,338,199,52,57,12,82,18.819,False
holdsch01w,1,WAS,1131,561,240,80,47,18,93,24.984,False
holdsch01w,2,WAS,975,486,256,66,44,14,94,25.533,False
holdsch01w,3,WAS,634,397,232,45,20,6,45,28.145,False
holdsch01w,4,WAS,948,554,294,89,34,15,72,29.414,False
holdsch01w,5,WAS,801,437,191,56,39,18,57,29.515,False
holdsch01w,6,LAS,1183,561,223,104,38,16,99,26.958,False
holdsch01w,7,LAS,739,375,152,56,34,9,57,26.072,False
holdsch01w,8,LAS,150,79,28,15,6,3,26,16.824,False
holdsch01w,10,ATL,708,348,109,56,34,7,74,23.795,False
hollake01w,1,SAC,934,312,70,81,43,5,74,15.953,False
hollake01w,2,SAC,874,322,75,69,56,5,66,17.138,False
hollake01w,3,SAC,902,296,90,63,41,5,81,16.462,False
hollake01w,4,DET,694,312,57,63,36,3,59,17.788,False
hollake01w,5,HOU,703,177,66,53,40,3,47,16.566,False
hollake01w,7,DET,397,140,40,43,23,2,40,16.657,False
holliqu01w,10,MIN,434,164,110,5,12,8,34,19.966,True
holmejo01w,1,DET,271,91,45,14,11,4,16,18.08,False
holmese01w,9,HOU,203,52,35,11,8,1,14,14.79,True
holtam01w,9,CON,714,222,105,65,15,5,31,17.108,True
holtam01w,10,CON,380,137,74,44,9,2,14,18.753,False
hopeky01w,1,UTA,4,2,2,0,0,0,1,16.517,False
hornbal01w,9,DET,747,184,138,71,79,10,49,18.554,True
hornbal01w,10,DET,850,213,158,86,42,9,69,17.202,False
houstch01w,9,MIN,581,292,122,28,30,13,55,24.878,True
houstch01w,10,MIN,792,445,186,59,43,21,64,27.532,False
humphta01w,9,DET,297,160,63,22,13,6,24,26.873,True
humphta01w,9,WAS,212,89,49,9,4,2,21,20.53,True
humphta01w,10,MIN,340,150,59,8,12,6,14,22.622,False
humphta01w,10,WAS,67,20,13,3,1,3,6,16.529,False
irvinsa01w,6,PHO,122,44,34,5,5,6,2,23.872,True
irvinsa01w,7,PHO,38,7,10,1,2,8,3,16.577,False
irvinsa01w,8,SAS,128,27,40,7,3,10,11,16.588,False
irvinsa01w,9,SAS,116,26,36,2,3,5,7,16.55,False
ivanyda01w,1,UTA,489,93,54,63,25,3,50,12.361,False
ivanyda01w,4,PHO,34,6,4,2,0,1,2,16.469,False
ivanyda01w,6,SAS,577,75,50,68,26,0,53,10.094,False
ivanyda01w,7,SAS,322,42,41,50,12,0,19,10.652,False
iveyni01w,2,IND,708,115,55,70,33,5,35,10.983,True
iveyni01w,3,IND,439,86,28,39,16,3,22,11.082,False
iveyni01w,4,IND,651,135,32,71,29,7,28,11.719,False
iveyni01w,5,IND,179,34,10,18,4,3,6,16.281,False
iveyni01w,6,DET,102,14,12,10,6,0,5,16.381,False
iveyni01w,6,PHO,152,24,10,20,6,0,6,16.306,False
jacksde01w,3,CLE,143,55,27,6,2,1,9,18.831,True
jacksde01w,4,CLE,763,245,89,51,20,13,33,16.903,False
jacksde01w,5,IND,804,236,113,53,29,6,52,16.221,False
jacksde01w,6,IND,472,162,77,23,17,12,32,16.861,False
jacksde01w,7,CHI,328,132,66,13,9,3,22,17.639,False
jacksgw01w,4,SAS,975,289,205,20,15,17,46,16.479,True
jacksgw01w,5,PHO,136,56,27,4,3,1,4,16.685,False
jacksgw01w,5,SAS,290,61,54,11,3,3,11,15.444,False
jacksgw01w,6,PHO,121,31,23,3,0,3,10,16.426,False
jacksla01w,2,SEA,1001,442,193,44,54,64,53,24.772,True
jacksla01w,3,SEA,882,482,190,41,30,81,47,27.385,False
jacksla01w,4,SEA,1109,698,307,62,38,64,69,30.087,False
jacksla01w,5,SEA,1070,634,207,51,31,62,67,29.626,False
jacksla01w,6,SEA,1176,597,313,57,36,67,59,29.397,False
jacksla01w,7,SEA,848,585,230,48,24,51,40,31.266,False
jacksla01w,8,SEA,1020,739,300,40,31,63,56,33.162,False
jacksla01w,9,SEA,694,425,147,26,31,33,40,32.723,False
jacksla01w,10,SEA,843,499,182,22,38,45,43,32.124,False
jacksta01w,1,HOU,339,76,61,11,12,9,24,13.869,False
jacksta01w,2,HOU,442,104,91,21,22,11,29,15.184,False
jacksta01w,3,HOU,69,6,13,1,3,3,6,16.388,False
jacksta02w,1,DET,267,116,25,36,22,0,21,22.382,False
jacksta02w,2,POR,497,132,44,50,28,0,45,16.344,False
jacksta02w,3,POR,692,314,59,95,55,1,64,19.998,False
jacksta02w,4,PHO,958,300,82,146,52,4,76,18.585,False
jacksta02w,5,WAS,405,135,37,45,20,1,28,18.084,False
jacksta02w,6,WAS,66,9,6,10,5,0,4,16.449,False
jacksta02w,7,PHO,54,24,4,7,6,1,4,16.636,False
jacksti02w,8,NYL,474,173,104,19,23,12,49,19.732,True
jacksti02w,9,NYL,496,208,143,26,24,8,48,22.03,False
jacksti02w,10,NYL,495,180,116,24,21,13,43,21.326,False
jacobam01w,5,MIN,391,101,36,47,13,0,45,12.945,True
jacobam01w,6,MIN,478,121,19,68,19,4,46,12.984,False
jacobam01w,7,MIN,861,279,90,115,26,2,90,14.982,False
jacobam01w,8,MIN,328,93,20,40,9,0,41,14.394,False
jacobam01w,9,LAS,61,10,2,6,0,0,8,16.349,False
jacobam01w,9,WAS,82,10,7,11,3,0,8,16.354,False
jamesta01w,7,WAS,160,57,16,3,4,2,10,15.592,True
jamesta01w,8,WAS,401,167,49,34,25,4,28,19.86,False
januabr01w,10,IND,683,227,63,77,36,3,57,17.083,True
jekaban01w,10,CON,644,255,78,59,9,0,48,18.24,True
joensca01w,8,CHI,271,95,33,32,17,1,13,19.846,True
joensca01w,9,CHI,272,99,35,14,5,2,23,17.839,False
johnsad01w,1,ORL,1100,436,90,54,24,3,56,17.169,False
johnsad01w,3,ORL,602,166,46,22,15,2,26,15.209,False
johnsad01w,4,CON,584,173,58,18,17,1,21,14.807,False
johnsch01w,4,LAS,45,6,6,3,0,1,4,14.788,True
johnsja01w,2,ORL,139,35,23,9,4,3,17,13.597,True
johnsla01w,1,UTA,481,144,52,26,12,2,34,14.131,False
johnsla01w,2,UTA,228,50,19,7,2,1,13,12.384,False
johnsla01w,3,UTA,269,75,19,10,7,2,15,12.453,False
johnsla01w,4,SAS,279,58,25,9,3,1,14,11.46,False
johnsla01w,5,HOU,36,6,1,1,2,0,2,16.442,False
johnsni01w,1,CHA,78,26,4,11,4,0,9,16.511,False
johnspo01w,1,CLE,57,17,14,2,0,1,8,16.501,False
johnspo01w,2,CLE,119,28,31,4,0,2,10,16.457,False
johnspo01w,3,MIA,801,217,140,32,27,15,53,15.277,False
johnspo01w,4,CLE,416,89,82,19,12,10,19,14.999,False
johnspo01w,5,HOU,157,22,29,1,4,3,8,16.261,False
johnssh01w,1,ORL,1126,381,155,169,58,7,102,19.228,False
johnssh01w,2,ORL,785,302,77,68,34,6,54,18.917,False
johnssh01w,3,ORL,1110,499,129,163,51,7,98,20.7,False
johnssh01w,4,CON,1107,420,134,196,44,3,107,20.518,False
johnssh01w,5,SAS,954,287,82,136,48,4,99,18.936,False
johnssh01w,6,SAS,1104,317,91,158,46,5,113,17.389,False
johnssh01w,7,SAS,874,318,95,117,60,5,75,17.665,False
johnssh01w,8,DET,559,193,61,56,20,2,40,17.231,False
johnssh01w,9,HOU,1014,253,107,168,52,9,78,16.821,False
johnssh01w,10,SEA,618,137,62,52,27,7,52,15.653,False
johnste01w,6,WAS,973,315,104,177,44,1,88,18.318,True
johnste01w,7,LAS,808,255,97,161,47,1,70,18.885,False
johnste01w,8,LAS,206,70,29,30,8,1,31,18.612,False
johnste01w,9,LAS,393,96,43,71,24,2,37,17.837,False
johnste01w,10,PHO,901,328,120,157,29,4,76,19.045,False
johnsti01w,1,HOU,687,131,147,10,10,16,17,13.362,False
johnsti01w,2,HOU,672,148,138,22,12,15,42,13.617,False
johnsti01w,3,HOU,815,201,173,39,17,24,38,14.85,False
johnsti01w,4,HOU,359,77,63,13,3,7,20,14.322,False
johnsti01w,5,HOU,660,142,122,27,9,17,31,14.145,False
johnsti01w,7,SEA,643,150,124,17,10,17,31,14.212,False
johnsvi01w,1,NYL,1023,380,137,77,22,5,57,18.19,False
johnsvi01w,2,NYL,939,353,107,87,35,4,52,18.559,False
johnsvi01w,3,NYL,1028,359,109,86,27,4,45,17.983,False
johnsvi01w,4,NYL,1042,430,95,75,29,7,55,18.347,False
johnsvi01w,5,NYL,1119,321,121,124,25,4,71,17.035,False
johnsvi01w,6,NYL,1023,353,118,92,23,2,44,17.019,False
johnsvi01w,7,SAS,1004,337,167,122,28,3,59,17.735,False
johnsvi01w,8,SAS,852,243,144,104,34,8,36,17.819,False
johnsvi01w,9,SAS,892,213,169,115,26,5,49,17.614,False
johnsvi01w,10,SAS,737,204,108,77,16,4,39,17.056,False
jonesas01w,3,WAS,612,208,89,28,13,17,39,17.212,True
jonesas01w,4,WAS,748,290,135,52,16,25,63,19.053,False
jonesas01w,5,CON,699,235,118,39,20,18,53,18.482,False
jonesas01w,6,CON,705,301,121,40,10,7,51,19.154,False
jonesas01w,7,CON,777,377,183,46,23,20,60,21.712,False
jonesas01w,8,CON,942,459,183,75,25,23,91,22.82,False
jonesas01w,9,CON,963,561,201,81,20,26,74,25.475,False
jonesas01w,10,CON,727,384,136,56,20,13,49,25.941,False
jonesch01w,5,DET,397,107,34,45,18,5,40,14.264,True
jonesch01w,6,DET,329,125,31,23,13,2,23,16.123,False
jonesch01w,6,MIN,281,81,33,30,13,3,17,15.414,False
jonesch01w,7,MIN,38,17,5,3,1,0,2,16.573,False
jonesja01w,1,MIA,233,68,22,10,8,0,25,12.5,False
jonesla01w,1,CHA,54,19,5,2,0,1,4,16.5,False
jonesme01w,1,CLE,948,352,139,63,29,2,60,18.319,False
jonesme01w,2,CLE,998,404,164,45,29,4,53,19.15,False
jonesme01w,3,CLE,1094,391,176,72,44,4,55,19.025,False
jonesme01w,4,CLE,672,164,97,44,22,3,36,17.544,False
jonesme01w,5,DET,517,180,69,21,19,2,26,17.331,False
kellycr01w,9,SAC,551,243,109,15,18,5,41,21.175,True
kellycr01w,10,DET,84,31,14,4,4,1,11,16.549,False
kellycr01w,10,SAC,283,98,39,8,7,2,22,18.916,False
kingbsu01w,6,MIN,17,3,1,1,0,1,0,16.343,True
kingija01w,2,DET,625,169,63,74,31,8,53,15.368,True
kingija01w,5,DET,15,3,1,1,0,0,2,16.488,False
kingija01w,5,PHO,128,20,13,12,5,2,7,16.341,False
kingija01w,7,SAS,115,25,10,11,6,0,5,16.424,False
klimezu01w,3,IND,39,5,5,2,1,1,2,16.094,True
klimezu01w,4,IND,3,2,0,0,0,0,0,16.517,False
koehnla01w,6,WAS,230,113,11,10,2,0,6,19.643,True
koehnla01w,7,WAS,161,71,12,8,2,2,5,16.637,False
koehnla01w,8,WAS,109,40,8,5,0,0,3,16.497,False
koehnla01w,9,WAS,144,71,11,3,0,0,10,16.6,False
korstil01w,2,PHO,75,21,11,5,3,0,9,16.184,True
kostaan01w,7,HOU,266,67,25,19,7,0,42,10.205,True
kostita01w,1,MIA,46,7,5,4,2,0,7,16.42,False
kraayca01w,6,NYL,196,69,27,5,4,8,17,16.806,True
kraayca01w,7,NYL,903,298,158,32,16,15,62,16.704,False
kraayca01w,8,NYL,967,366,154,51,32,20,84,17.851,False
kraayca01w,9,NYL,961,326,209,49,28,26,55,18.615,False
kraayca01w,10,NYL,888,307,155,32,22,13,66,18.153,False
kubikni01w,1,PHO,19,6,2,2,0,0,3,16.506,False
kubikni01w,2,PHO,21,2,2,5,4,0,3,16.518,False
lacyje01w,7,PHO,504,162,102,14,12,12,45,16.836,True
lacyje01w,8,PHO,94,35,19,2,3,0,10,16.551,False
lacyje01w,9,ATL,605,189,89,27,18,6,37,16.309,False
lacyje01w,10,ATL,362,96,70,9,9,7,24,15.826,False
lacyve01w,1,NYL,18,6,5,0,0,0,2,16.525,False
lambesh01w,3,CHA,16,2,3,3,1,0,2,13.331,True
lambesh01w,4,DET,187,87,28,14,5,0,29,16.671,False
lambesh01w,5,HOU,788,197,68,88,26,4,82,13.69,False
lambesh01w,6,DET,152,33,17,21,8,1,24,16.354,False
lambmo01w,1,HOU,140,26,26,3,2,4,4,16.384,False
langhcr01w,9,WAS,529,164,136,15,15,6,36,18.068,True
langhcr01w,10,WAS,1013,408,268,29,34,13,76,20.704,False
larkier01w,9,NYL,335,129,73,18,10,7,35,19.902,True
larkier01w,10,NYL,137,44,31,8,9,4,16,16.625,False
lassiam01w,2,HOU,613,138,110,34,16,21,35,14.758,True
lassiam01w,3,HOU,46,1,6,2,2,2,2,16.409,False
lassiam01w,3,SEA,554,126,63,55,27,19,49,14.509,False
lassiam01w,4,SEA,733,163,112,42,27,26,42,14.343,False
lassiam01w,5,MIN,563,127,80,37,21,22,40,14.288,False
lassiam01w,6,MIN,388,107,46,23,14,4,29,14.32,False
lassiam01w,7,CHI,778,257,88,65,42,17,57,16.003,False
lattaiv01w,8,DET,221,93,19,20,8,2,16,19.401,True
lattaiv01w,9,ATL,960,388,72,123,45,1,61,19.738,False
lattaiv01w,10,ATL,350,146,16,34,13,1,26,19.257,False
lawsoed01w,6,HOU,114,25,7,4,2,1,12,8.621,True
lawsoed01w,6,NYL,12,2,2,0,0,0,0,13.419,True
lawsoed01w,7,SEA,209,43,21,29,15,1,19,12.708,False
lawsoed01w,9,SAS,280,100,31,26,12,0,25,15.424,False
lawsoed01w,10,SAS,583,172,66,74,29,1,29,16.851,False
lawsoka01w,4,SAC,769,263,107,56,15,5,42,17.214,True
lawsoka01w,5,SAC,827,294,77,68,21,8,53,17.002,False
lawsoka01w,6,SAC,508,192,33,37,13,3,22,17.043,False
lawsoka01w,7,SAC,749,277,65,56,20,4,43,17.064,False
lawsoka01w,8,SAC,774,375,80,67,29,8,49,19.285,False
lawsoka01w,9,SAC,829,391,82,67,28,2,48,20.433,False
lawsoka01w,10,SAC,604,220,53,63,16,1,35,19.683,False
lazicka01w,2,NYL,55,17,6,3,3,0,10,13.413,True
lehnish01w,10,ATL,707,102,79,127,18,3,54,11.681,True
lennobe01w,1,MIN,984,541,178,82,53,9,97,26.235,False
lennobe01w,2,MIN,241,121,54,16,10,4,25,25.882,False
lennobe01w,3,MIA,581,310,73,47,25,5,62,24.797,False
lennobe01w,3,MIN,138,31,16,16,5,0,20,16.344,False
lennobe01w,4,CLE,560,258,89,32,14,4,58,20.911,False
lennobe01w,5,SEA,920,358,159,79,34,3,77,20.157,False
lennobe01w,6,SEA,800,346,124,57,35,5,75,20.137,False
lennobe01w,7,SEA,891,465,137,73,36,5,98,21.751,False
lennobe01w,8,SEA,937,454,160,92,36,5,91,22.48,False
lennobe01w,9,ATL,1010,595,143,81,45,3,114,24.076,False
lennobe01w,10,LAS,640,306,136,54,26,4,70,24.245,False
leslili01w,1,LAS,1028,570,306,60,31,74,103,30.085,False
leslili01w,2,LAS,1033,606,298,73,34,71,98,30.883,False
leslili01w,3,LAS,1060,523,322,83,46,90,108,30.215,False
leslili01w,4,LAS,792,424,231,46,31,63,65,30.24,False
leslili01w,5,LAS,1150,598,336,88,50,98,110,30.252,False
leslili01w,6,LAS,1096,517,248,87,67,71,100,28.764,False
leslili01w,7,LAS,1043,680,323,108,51,57,126,30.987,False
leslili01w,9,LAS,1059,497,293,80,49,97,119,29.835,False
leslili01w,10,LAS,638,354,151,49,16,33,59,29.357,False
leuchye01w,7,CHA,38,12,5,3,0,1,1,13.334,True
leuchye01w,8,WAS,29,4,3,3,2,0,3,16.475,False
levanni01w,2,LAS,67,20,9,7,5,1,5,14.836,True
lewista01w,3,SEA,57,18,24,3,2,0,7,14.838,True
lewisty01w,2,HOU,419,97,62,15,11,4,26,12.69,True
lewisty01w,3,HOU,145,34,18,9,3,3,9,16.392,False
lewisty01w,4,CHA,234,70,33,20,10,6,16,14.717,False
lewisty01w,5,CHA,617,246,57,44,27,7,44,17.164,False
lewisty01w,6,CHA,166,47,20,13,3,3,11,16.452,False
lewisty01w,6,MIN,90,28,5,7,3,1,11,16.442,False
lewisty01w,7,MIN,202,46,27,18,12,5,16,16.093,False
liebena01w,9,DET,9,0,0,2,0,0,2,13.677,True
littlca01w,8,SAS,711,132,152,23,30,11,40,13.544,True
littlca01w,9,ATL,221,62,40,9,10,7,18,14.424,False
littlca01w,9,SEA,442,185,83,27,18,6,42,17.004,False
littlca01w,10,SEA,1044,341,222,35,39,13,67,17.872,False
lloydan01w,1,MIN,333,75,43,22,12,2,24,12.724,False
lobore01w,2,NYL,85,17,14,1,2,0,7,13.36,True
lobore01w,3,HOU,132,34,23,12,1,5,11,16.49,False
lobore01w,4,CON,297,59,52,5,6,15,14,13.523,False
lovelst01w,1,SEA,324,99,57,16,13,2,35,15.622,False
lovelst01w,2,SEA,211,76,32,9,8,5,18,16.735,False
lovelst01w,5,MIN,388,121,66,20,18,9,45,16.545,False
lovelst01w,6,MIN,594,209,107,31,24,11,37,17.935,False
lovelst01w,7,CHI,623,253,136,22,19,20,53,19.598,False
lovelst01w,8,WAS,105,24,13,2,4,0,7,16.384,False
lovelst01w,9,ATL,258,91,54,15,17,10,18,19.885,False
lovelst01w,9,DET,44,10,7,1,1,0,4,16.463,False
luckepa01w,2,PHO,8,0,1,1,0,1,0,16.22,True
luzhe01w,2,WAS,489,164,37,55,28,5,43,17.028,True
luzhe01w,3,WAS,474,187,32,48,18,5,43,17.544,False
luzhe01w,4,WAS,165,59,10,21,6,2,11,16.576,False
lyttlsa01w,6,HOU,460,140,125,17,20,3,23,19.276,True
lyttlsa01w,7,HOU,380,106,114,8,25,4,18,19.498,False
lyttlsa01w,8,HOU,506,183,164,30,37,20,40,22.16,False
lyttlsa01w,9,HOU,489,222,168,24,40,27,30,25.234,False
lyttlsa01w,10,ATL,931,443,254,51,68,22,64,26.703,False
mabikmw01w,1,LAS,940,394,179,98,58,18,51,24.059,False
mabikmw01w,2,LAS,828,313,130,87,39,11,44,22.381,False
mabikmw01w,3,LAS,1050,539,167,92,38,9,62,23.606,False
mabikmw01w,4,LAS,1042,441,141,82,30,18,74,22.313,False
mabikmw01w,5,LAS,965,445,122,75,36,3,48,22.013,False
mabikmw01w,6,LAS,367,99,27,29,15,0,14,20.589,False
mabikmw01w,7,LAS,679,272,64,48,19,6,37,19.194,False
mabikmw01w,8,LAS,762,267,126,72,28,4,73,18.6,False
mabikmw01w,9,HOU,327,92,37,17,10,0,12,16.987,False
macchla01w,5,LAS,410,152,61,14,21,6,29,18.544,True
macchla01w,6,LAS,148,63,18,7,8,1,13,16.646,False
machacl01w,1,LAS,421,110,72,18,13,4,19,15.11,False
machacl01w,2,CHA,580,163,121,17,16,16,41,15.911,False
machacl01w,3,ORL,428,138,64,17,12,4,33,15.857,False
mahonme01w,7,CON,351,76,66,24,7,1,25,13.282,True
mahonme01w,8,CON,121,31,14,8,4,1,11,16.412,False
mahonsh01w,1,NYL,158,27,30,4,2,1,5,16.313,False
mahonsh01w,3,PHO,13,5,2,1,0,0,1,16.531,False
maigaha01w,3,SAC,197,40,37,9,15,3,23,13.541,True
maigaha01w,4,SAC,190,42,37,14,18,2,14,16.533,False
maigaha01w,5,SAC,480,140,71,25,29,6,49,15.513,False
maigaha01w,6,SAC,408,129,67,30,24,6,42,16.376,False
maigaha01w,7,SAC,537,177,73,30,32,9,45,16.954,False
maigaha01w,8,HOU,1008,310,137,77,57,3,70,16.881,False
maigaha01w,9,HOU,590,202,85,39,33,8,57,17.249,False
maigaha01w,10,SAC,676,303,89,37,31,8,52,18.663,False
malcona01w,2,IND,705,257,91,26,13,3,48,16.407,True
malcona01w,3,IND,599,156,61,21,13,3,34,14.186,False
malloso01w,4,PHO,44,10,10,0,1,4,6,16.218,True
maltsev01w,8,CON,482,147,66,39,20,2,26,16.753,True
mannish01w,1,MIA,403,103,100,17,23,4,39,16.49,False
mannkr01w,6,MIN,185,71,35,11,8,1,7,20.88,True
mannkr01w,7,MIN,894,245,113,94,19,7,50,16.039,False
mannkr01w,8,MIN,882,258,122,43,31,7,27,16.031,False
mannkr01w,9,ATL,223,45,19,14,8,4,14,15.253,False
mannkr01w,9,IND,31,2,4,1,1,1,1,16.453,False
mannkr01w,10,WAS,95,25,14,6,3,0,3,16.49,False
mapprh01w,1,CHA,856,357,205,64,30,24,59,23.467,False
mapprh01w,2,LAS,395,126,79,14,16,6,25,21.226,False
mapprh01w,4,LAS,255,62,68,6,7,6,12,20.017,False
marcimi01w,1,POR,537,177,59,73,37,6,67,17.799,False
marcimi01w,2,SEA,392,132,38,47,30,2,30,18.206,False
marcimi01w,3,SEA,280,72,28,38,11,2,25,16.978,False
martima01w,1,MIN,456,132,67,21,17,13,29,16.05,False
martima01w,2,MIN,494,95,86,19,17,15,37,14.029,False
martinu01w,6,MIN,2,0,0,0,0,0,0,16.344,True
mascira01w,5,LAS,116,28,5,8,1,0,5,10.738,True
mascira01w,6,LAS,463,122,47,23,15,1,21,13.0,False
mascira01w,9,LAS,412,126,40,16,8,1,16,13.646,False
matteca01w,6,CHA,56,9,3,6,1,0,2,13.299,True
maxwemo01w,1,IND,1029,332,160,63,49,16,64,17.783,False
maxwemo01w,2,IND,238,47,38,14,5,3,22,16.222,False
maxwemo01w,3,IND,170,35,31,7,7,4,6,16.434,False
mazzake01w,5,CHA,339,79,33,9,7,2,20,10.981,True
mazzake01w,6,CHA,226,64,31,7,9,0,7,12.983,False
mazzake01w,7,CHA,725,302,99,64,47,6,48,18.954,False
mazzake01w,8,PHO,488,182,56,38,26,2,20,19.097,False
mazzake01w,9,PHO,641,197,66,38,24,2,18,18.118,False
mazzake01w,10,PHO,433,106,40,17,10,3,10,16.503,False
mccaibr01w,3,CLE,392,83,26,41,11,3,34,11.03,True
mccaiti01w,1,ORL,214,51,11,5,3,1,9,10.077,False
mccaiti01w,2,ORL,442,97,38,36,10,8,34,11.25,False
mccaiti01w,3,ORL,51,7,3,2,3,0,3,16.408,False
mccanra01w,10,MIN,482,145,68,26,15,10,36,15.729,True
mccarja01w,6,CHA,311,50,76,11,12,7,22,13.254,True
mccarja01w,7,CHA,421,136,105,25,17,20,28,18.293,False
mccarja01w,8,NYL,677,332,152,36,39,20,79,22.242,False
mccarja01w,9,NYL,816,425,168,66,45,26,67,24.684,False
mccarja01w,10,NYL,848,393,175,88,41,44,86,25.523,False
mccarst01w,1,IND,635,230,60,57,31,6,47,17.915,False
mccarst01w,2,IND,504,169,55,58,26,14,38,18.321,False
mccarst01w,4,IND,577,194,41,58,34,6,37,17.85,False
mccarst01w,5,IND,450,91,28,52,24,5,30,15.99,False
mcconsu01w,1,CLE,705,173,50,119,15,1,69,13.226,False
mccouan01w,10,ATL,735,435,105,71,74,12,72,29.084,True
mccrani01w,1,WAS,1046,497,56,85,45,5,89,20.079,False
mccrani01w,2,WAS,828,351,56,47,26,0,73,18.606,False
mccrani01w,3,IND,1058,369,97,70,28,3,82,17.144,False
mccrani01w,4,IND,734,131,51,49,37,2,44,14.888,False
mccrani01w,5,PHO,371,69,29,13,7,0,18,12.821,False
mccrani01w,6,SAS,302,38,20,16,11,0,18,10.839,False
mccrani01w,7,CHI,86,22,5,5,7,1,10,16.434,False
mccrini01w,1,LAS,488,101,32,65,29,8,48,12.711,False
mccrini01w,2,LAS,350,64,12,63,21,0,22,12.634,False
mccrini01w,3,LAS,356,51,23,53,22,3,24,12.097,False
mccrini01w,4,LAS,299,68,29,32,19,1,17,12.841,False
mcculda01w,1,IND,456,175,82,19,16,22,37,20.353,False
mcculda01w,2,IND,90,28,17,5,0,2,7,16.518,False
mcculda01w,3,SEA,43,2,7,1,1,0,2,16.402,False
mcculda01w,4,SEA,26,2,1,0,0,0,4,16.407,False
mcgheca01w,1,ORL,408,87,64,23,21,5,31,13.429,False
mcgheca01w,2,ORL,71,14,10,0,1,1,6,16.391,False
mcgheca01w,3,ORL,4,5,1,0,0,0,0,16.527,False
mckivte01w,4,CHA,341,105,91,6,14,24,27,20.27,True
mckivte01w,5,CHA,77,35,18,0,2,6,5,16.69,False
mckivte01w,6,CHA,362,113,65,7,14,18,26,19.004,False
mckivte01w,8,PHO,5,0,1,0,0,1,0,16.51,False
mcwilta01w,1,ORL,1098,438,244,54,59,31,83,22.246,False
mcwilta01w,2,ORL,1059,403,243,69,52,50,80,22.502,False
mcwilta01w,3,ORL,383,110,63,13,19,14,22,21.233,False
mcwilta01w,4,CON,983,354,227,49,43,33,54,21.327,False
mcwilta01w,5,CON,1133,413,244,63,48,45,73,21.204,False
mcwilta01w,6,CON,1083,471,248,65,37,25,59,22.107,False
mcwilta01w,7,CON,996,410,306,80,35,31,78,23.372,False
mcwilta01w,8,LAS,851,321,170,49,34,30,50,22.84,False
mcwilta01w,9,DET,185,75,47,13,3,5,9,16.847,False
mcwilta01w,9,WAS,862,347,191,41,44,25,75,22.696,False
mcwilta01w,10,DET,1032,332,225,98,33,16,66,20.691,False
melvich01w,1,CLE,904,373,172,61,29,18,62,21.492,False
melvich01w,2,CLE,754,266,154,50,24,16,45,20.64,False
melvich01w,3,CLE,1055,399,194,57,28,18,74,20.001,False
melvich01w,4,CLE,1061,444,215,52,28,22,67,20.647,False
melvich01w,5,WAS,825,293,131,37,15,18,52,19.556,False
melvich01w,6,WAS,1051,397,199,25,31,14,61,19.317,False
melvich01w,7,WAS,999,405,224,45,34,26,62,20.369,False
melvich01w,8,CHI,853,288,193,37,32,22,69,19.818,False
melvich01w,8,WAS,82,34,20,0,6,0,2,16.672,False
melvich01w,9,CHI,759,278,172,50,31,10,49,20.749,False
melvich01w,10,WAS,756,201,158,36,34,29,50,18.991,False
mendigi01w,5,SAC,39,10,5,3,0,0,3,13.56,True
miaomi01w,6,SAC,135,31,4,13,5,1,15,10.24,True
millebr01w,10,DET,8,0,0,0,1,0,0,13.677,True
milleco01w,2,WAS,137,34,9,8,6,0,13,11.247,True
milleco01w,3,WAS,904,298,116,82,33,2,59,16.571,False
milleco01w,4,WAS,1076,413,127,86,39,7,53,18.106,False
milleco01w,5,WAS,637,160,63,43,18,3,27,16.496,False
milleco01w,6,WAS,500,153,59,44,26,3,28,16.702,False
milleco01w,7,WAS,658,206,91,59,34,4,49,16.847,False
milleco01w,8,WAS,455,120,49,25,19,2,29,15.369,False
milleco01w,9,WAS,710,179,85,47,26,5,58,14.594,False
milleco01w,10,ATL,407,131,50,33,12,2,31,14.828,False
milleke01w,2,CHA,225,55,28,14,9,0,9,13.936,True
milleke01w,3,CHA,554,211,68,49,22,1,27,18.112,False
milleke01w,4,CHA,523,189,53,47,18,2,35,17.808,False
milleke01w,5,IND,1096,348,108,106,37,5,74,16.731,False
milleke01w,6,IND,1057,348,86,81,40,2,53,16.458,False
milleke01w,7,PHO,814,296,144,94,28,6,73,17.455,False
milleke01w,8,PHO,1040,321,168,156,42,5,86,17.888,False
milleke01w,9,PHO,945,283,148,135,22,4,84,17.774,False
milleke01w,10,MIN,675,150,74,67,24,2,50,16.401,False
millsta01w,1,WAS,295,130,80,9,10,8,37,22.503,False
millsta01w,2,WAS,319,64,105,6,14,4,25,18.584,False
millsta01w,3,WAS,17,0,3,0,1,0,2,16.465,False
millsta01w,4,SAS,185,58,55,7,4,2,23,16.587,False
millsta01w,8,DET,51,15,18,2,0,0,6,16.54,False
miltode01w,1,LAS,983,378,194,68,44,29,67,21.516,False
miltode01w,2,LAS,938,330,169,68,49,29,58,20.911,False
miltode01w,3,LAS,966,362,211,45,50,35,94,20.899,False
miltode01w,4,LAS,1086,416,220,64,49,41,79,21.167,False
miltode01w,5,LAS,604,186,90,31,23,10,48,19.711,False
miltode01w,6,WAS,1069,394,172,58,57,18,75,19.519,False
miltode01w,7,WAS,675,335,112,48,35,17,67,20.85,False
miltode01w,8,WAS,1141,456,217,55,52,38,121,20.634,False
miltode01w,9,LAS,1016,431,196,73,34,18,99,21.178,False
miltode01w,10,LAS,1043,338,157,71,41,8,74,19.672,False
mitchle01w,9,NYL,518,131,57,97,17,3,39,16.089,True
mitchle01w,10,NYL,436,80,41,76,9,2,26,14.279,False
moeggli01w,7,CHI,277,58,46,17,10,6,15,13.984,True
moeggli01w,8,CHI,206,37,31,6,3,2,10,12.263,False
moisead01w,2,PHO,123,41,16,17,6,0,16,17.239,True
moisead01w,3,PHO,619,193,60,79,30,3,72,16.038,False
moisead01w,8,PHO,31,7,7,3,3,0,10,16.484,False
montaan01w,10,MIN,169,35,26,19,9,0,12,14.293,True
montgre01w,10,MIN,764,306,66,72,25,9,66,18.396,True
mooreja01w,3,IND,128,42,29,3,5,1,14,17.044,True
mooreje01w,6,CHA,49,3,5,2,0,0,4,13.318,True
mooreje01w,6,LAS,109,8,8,1,4,0,5,4.888,True
mooreje01w,7,LAS,653,147,98,24,22,9,28,12.266,False
mooreje01w,8,LAS,440,123,88,18,6,6,33,13.612,False
mooreje01w,9,LAS,309,39,45,17,4,5,17,12.352,False
mooreje01w,10,IND,613,148,96,14,19,6,32,12.996,False
moorelo01w,6,NYL,182,22,27,19,10,0,25,9.237,True
moorelo01w,7,NYL,952,208,144,122,61,10,65,15.088,False
moorelo01w,8,NYL,1163,327,138,163,75,5,99,16.232,False
moorelo01w,9,NYL,809,154,112,132,44,4,77,15.465,False
moorelo01w,10,NYL,941,215,125,133,66,2,78,15.649,False
moorena01w,8,MIN,87,21,15,4,3,0,7,16.284,True
moorena01w,9,MIN,125,48,15,5,4,3,3,16.618,False
mooreta01w,3,MIA,83,28,7,10,7,0,11,13.15,True
mooreta01w,3,MIN,653,196,76,78,23,9,74,15.657,True
mooreta01w,4,DET,66,21,9,4,4,2,6,16.542,False
mooreta01w,4,PHO,110,33,19,8,5,4,10,16.559,False
mooreta01w,5,PHO,387,82,28,53,26,9,34,15.027,False
mooreta01w,6,NYL,48,11,7,6,0,0,4,16.48,False
mooreta01w,7,LAS,634,206,71,65,33,8,38,16.88,False
mooreta01w,8,HOU,289,58,25,44,16,2,32,15.497,False
moosca01w,3,MIA,6,0,0,0,0,1,0,13.076,True
mosbybe01w,8,WAS,279,83,78,10,8,6,19,18.748,True
mosbybe01w,9,WAS,183,48,53,2,2,7,12,16.556,False
mosbybe01w,10,WAS,169,46,37,3,8,1,16,16.471,False
moweje01w,2,POR,17,6,3,0,0,1,2,16.256,True
moweje01w,3,POR,16,1,1,0,0,0,1,16.463,False
moweje01w,4,LAS,21,0,1,0,0,1,1,16.44,False
mulitna01w,1,UTA,291,99,34,6,4,6,30,14.351,False
murphsh01w,8,MIN,436,165,104,17,19,8,20,21.691,True
murphsh01w,9,DET,122,33,21,7,6,2,9,16.51,False
murphsh01w,9,MIN,5,2,2,0,0,0,0,16.517,False
murphsh01w,9,WAS,11,2,3,1,0,0,2,16.507,False
murphsh01w,10,IND,186,100,42,10,6,2,9,17.027,False
nagyan01w,1,WAS,694,97,63,118,17,8,55,10.904,False
nagyan01w,2,NYL,213,34,9,24,2,3,23,9.95,False
nagyan01w,3,SAC,409,34,29,73,10,4,31,9.335,False
nanch01w,10,CHI,320,97,55,6,8,9,29,15.345,True
ndiayas01w,1,DET,868,346,187,40,23,22,64,20.949,False
ndiayas01w,2,DET,913,376,171,49,22,28,73,20.892,False
ndiayas01w,3,DET,776,275,162,39,17,12,58,19.988,False
ndiayas01w,4,DET,70,20,14,1,3,1,9,16.488,False
ndiayas01w,5,IND,74,12,11,4,1,3,8,16.398,False
ndiayas01w,7,HOU,127,35,30,8,1,1,10,16.51,False
ndiayas01w,8,SEA,58,10,7,0,1,1,5,16.396,False
ndongem01w,7,LAS,111,20,26,3,7,8,6,16.573,True
nemcoev01w,1,CLE,443,185,41,23,15,8,27,19.008,False
nemcoev01w,2,CLE,113,34,10,8,2,5,6,16.502,False
nevescl01w,1,DET,636,179,35,59,31,1,55,13.489,False
nevescl01w,2,DET,407,95,29,34,21,0,28,12.982,False
nevescl01w,3,MIA,194,37,7,25,8,0,13,16.234,False
newtoch01w,6,SAC,715,148,66,55,24,9,37,12.074,True
newtoch01w,7,CHI,648,176,71,58,36,7,40,14.079,False
newtoch01w,8,SAC,696,219,62,46,31,6,42,14.799,False
newtoch01w,9,SAC,393,117,35,28,30,1,25,15.125,False
newtoch01w,10,SAC,336,68,30,39,18,3,16,15.109,False
ngarsch01w,7,NYL,92,27,18,5,5,2,8,13.511,True
ngoyibe01w,3,NYL,12,6,5,0,0,2,0,13.421,True
ngoyibe01w,6,SAS,251,111,61,5,5,2,25,21.476,False
ngoyibe01w,7,CHI,627,302,170,28,14,7,60,23.505,False
ngoyibe01w,9,IND,226,83,53,7,6,7,31,22.084,False
nieuwma01w,6,LAS,16,4,2,0,0,0,2,14.794,True
nnamach01w,9,ATL,84,16,12,2,5,0,4,17.489,True
nolande01w,2,DET,545,192,53,30,17,6,35,16.421,True
nolande01w,3,DET,804,277,87,62,27,12,61,16.751,False
nolande01w,4,DET,954,396,107,83,41,14,69,18.604,False
nolande01w,5,DET,1138,464,134,112,66,12,90,19.556,False
nolande01w,6,DET,1213,524,156,121,55,14,100,20.463,False
nolande01w,7,DET,1088,468,153,124,47,11,86,21.233,False
nolande01w,8,DET,1175,553,148,132,49,12,82,22.047,False
nolande01w,9,DET,1144,538,133,150,42,10,73,22.632,False
nolande01w,10,DET,1113,559,141,116,44,10,73,23.299,False
nygaava01w,1,POR,843,253,121,30,17,5,38,15.122,False
nygaava01w,2,POR,259,76,35,10,6,2,14,14.991,False
nygaava01w,3,MIA,443,120,67,9,11,1,13,14.7,False
nygaava01w,4,LAS,168,41,19,5,3,0,4,16.344,False
ogayu01w,9,PHO,180,56,17,14,7,0,22,13.86,True
ohldeni01w,5,MIN,1018,397,194,60,16,45,74,20.652,True
ohldeni01w,6,MIN,1038,382,194,78,21,22,84,19.853,False
ohldeni01w,7,MIN,870,327,190,54,20,25,74,20.046,False
ohldeni01w,8,MIN,922,392,208,56,17,20,82,20.694,False
ohldeni01w,9,MIN,559,197,112,45,10,22,50,20.383,False
ohldeni01w,10,PHO,311,109,59,6,5,20,29,20.15,False
oneilkr01w,9,SEA,31,0,3,1,0,0,1,14.771,True
osipoir01w,7,DET,12,2,1,0,0,0,1,13.676,True
owenhe01w,1,WAS,60,2,9,2,0,0,3,16.33,False
owenssh01w,1,MIA,605,131,97,21,11,26,54,12.662,False
owenssh01w,3,CHA,6,0,2,0,0,0,0,16.506,False
pageda01w,9,CON,12,6,6,0,0,0,2,14.552,True
pagemu01w,1,WAS,1046,314,208,64,23,32,63,17.735,False
pagemu01w,2,WAS,989,225,177,55,30,36,60,16.149,False
pagemu01w,3,WAS,750,208,155,37,14,15,45,16.213,False
pagemu01w,4,WAS,850,213,152,35,18,24,41,15.797,False
pagemu01w,5,WAS,809,184,140,36,25,16,30,15.093,False
pagemu01w,6,WAS,589,108,83,25,15,9,23,14.017,False
pagemu01w,7,LAS,690,167,121,33,17,9,30,14.01,False
pagemu01w,8,LAS,627,163,111,45,14,9,25,14.597,False
pagemu01w,9,LAS,243,42,35,14,5,1,11,13.898,False
paigeyo01w,6,IND,78,16,9,13,2,0,6,16.055,True
paliesa01w,7,DET,51,12,4,6,1,1,10,13.65,True
palmewe01w,1,DET,914,441,219,39,20,10,65,23.873,False
palmewe01w,2,DET,651,233,154,23,23,4,48,21.603,False
palmewe01w,3,DET,464,184,96,20,13,2,34,21.023,False
palmewe01w,3,ORL,501,180,93,21,22,6,23,20.861,False
palmewe01w,4,CON,433,149,106,16,11,3,35,19.245,False
palmewe01w,5,CON,786,297,182,30,23,5,40,19.84,False
palmewe01w,6,SAS,882,326,193,33,20,7,42,19.752,False
palmewe01w,7,SEA,120,47,38,3,5,3,10,16.735,False
palmewe01w,8,SEA,474,156,145,17,15,7,36,20.253,False
parisco01w,10,SAC,442,160,134,22,11,10,20,22.496,True
parkeca01w,9,LAS,1109,610,313,113,42,75,93,31.166,True
parkeca01w,10,LAS,815,328,244,64,15,53,55,28.169,False
pascafl01w,9,SEA,9,0,1,0,0,0,1,14.777,True
pavlimi01w,2,UTA,21,1,6,1,0,2,1,14.723,True
pavlimi01w,4,PHO,29,6,4,1,1,0,2,16.484,False
payeka01w,1,MIN,408,56,30,38,8,6,28,8.647,False
payeka01w,2,MIN,652,91,61,97,21,0,46,9.945,False
payeka01w,3,SEA,114,21,7,5,3,0,8,16.279,False
penicti01w,1,SAC,936,208,89,236,70,6,71,17.762,False
penicti01w,2,SAC,744,144,86,172,40,8,64,16.751,False
penicti01w,3,SAC,853,203,102,192,64,1,69,17.313,False
penicti01w,4,SAC,1089,183,119,229,61,1,81,15.919,False
penicti01w,5,SAC,970,199,102,163,64,2,72,15.316,False
penicti01w,6,SAC,927,195,97,149,48,6,67,14.978,False
penicti01w,7,SAC,846,183,91,116,58,2,67,14.549,False
penicti01w,8,SAC,757,181,83,144,49,1,60,15.29,False
penicti01w,9,SAC,856,284,99,172,67,4,87,17.381,False
penicti01w,10,SAC,724,148,81,155,30,4,64,16.845,False
pennjo01w,4,WAS,288,86,52,16,15,1,20,16.95,True
pennjo01w,5,SAS,3,4,1,0,0,0,0,16.524,False
perkiji01w,5,CHA,17,3,3,1,3,0,1,13.332,True
perkiji01w,6,CHA,464,150,44,32,29,9,32,16.98,False
perkiji01w,7,CHI,841,282,107,97,43,13,56,18.358,False
perkiji01w,8,CHI,762,386,110,75,50,7,51,21.727,False
perkiji01w,9,CHI,1083,577,137,96,64,10,61,23.674,False
perkiji01w,10,CHI,931,450,116,100,73,6,55,24.442,False
pettibr01w,1,PHO,583,189,60,46,31,4,39,16.728,False
pettibr01w,2,PHO,497,172,60,50,28,4,38,17.661,False
pettibr01w,3,IND,375,113,39,17,8,0,24,16.213,False
pettibr01w,4,IND,148,49,19,8,4,1,8,16.52,False
pettibr01w,7,PHO,67,14,9,10,3,0,2,16.508,False
philler01w,7,CON,615,182,73,80,29,2,38,17.18,True
philler01w,9,CON,86,41,17,3,4,1,6,16.686,False
philler01w,10,CON,740,258,103,66,43,3,43,18.794,False
phillta01w,1,NYL,978,427,247,28,59,21,85,23.558,False
phillta01w,2,NYL,1049,489,257,34,48,17,84,23.817,False
phillta01w,3,NYL,1009,451,223,41,58,14,93,23.414,False
phillta01w,4,NYL,1033,372,280,56,56,28,92,22.788,False
phillta01w,5,NYL,311,87,70,16,14,10,33,21.762,False
phillta01w,6,HOU,366,111,79,14,11,8,30,20.19,False
phillta01w,7,HOU,222,59,47,4,9,5,23,18.35,False
phillta01w,8,HOU,35,10,5,1,3,0,5,16.503,False
pierspl01w,4,PHO,602,198,80,22,19,13,42,16.266,True
pierspl01w,5,PHO,803,290,131,26,26,17,49,17.612,False
pierspl01w,6,DET,444,178,62,21,14,6,42,17.874,False
pierspl01w,6,PHO,318,92,59,13,10,13,32,17.227,False
pierspl01w,7,DET,565,220,132,24,18,14,37,19.303,False
pierspl01w,8,DET,858,396,197,59,26,29,79,22.072,False
pierspl01w,9,DET,649,332,136,63,24,34,48,24.465,False
pierspl01w,10,DET,5,0,0,0,1,1,0,16.512,False
pondeca01w,7,PHO,1067,624,107,98,37,4,45,26.216,True
pondeca01w,8,PHO,966,532,112,123,29,8,69,25.832,False
pondeca01w,9,PHO,1002,679,119,135,38,5,93,27.725,False
pondeca01w,10,PHO,1075,648,144,171,31,12,86,28.047,False
potthan01w,1,MIN,8,0,2,1,0,0,0,16.504,False
powelel01w,1,ORL,347,72,50,42,12,1,30,13.321,False
powelel01w,2,ORL,1055,357,98,98,49,7,79,16.22,False
powelel01w,3,DET,397,148,63,60,23,8,41,17.806,False
powelel01w,3,ORL,308,88,32,30,20,4,30,16.091,False
powelel01w,4,DET,938,296,106,129,45,9,79,17.66,False
powelel01w,5,DET,760,133,84,134,36,8,61,15.96,False
powelel01w,6,DET,671,163,80,77,29,4,51,15.109,False
powelel01w,7,CHI,251,69,25,37,13,3,26,15.201,False
powelel01w,7,DET,120,14,13,15,3,0,9,16.286,False
powelel01w,8,DET,323,60,34,44,12,2,29,13.08,False
powelel01w,9,DET,313,58,50,35,6,1,18,12.65,False
powelni01w,5,CHA,384,132,71,16,15,4,22,18.422,True
powelni01w,6,SAC,988,364,124,62,39,16,44,18.789,False
powelni01w,7,SAC,886,327,131,61,42,15,47,19.26,False
powelni01w,8,SAC,986,436,191,58,48,12,64,20.847,False
powelni01w,9,SAC,944,463,150,46,40,6,62,21.78,False
powelni01w,10,SAC,1035,567,200,77,49,8,84,23.983,False
pricear01w,8,CHI,893,269,204,99,40,7,59,19.625,True
pricear01w,9,CHI,763,235,125,59,36,12,50,18.61,False
pricear01w,10,ATL,98,16,16,4,3,2,9,16.368,False
pricear01w,10,CHI,324,77,59,26,12,1,18,17.76,False
pridely01w,1,POR,462,114,61,40,16,9,33,14.54,False
pridely01w,2,MIN,713,170,146,28,28,20,46,15.222,False
pridely01w,3,MIN,589,123,103,43,25,25,47,15.037,False
pridely01w,4,LAS,28,1,6,0,0,0,3,16.429,False
pridely01w,4,MIN,66,17,17,1,3,1,8,16.504,False
pringla01w,9,PHO,377,128,102,9,10,44,27,22.994,True
pringla01w,10,MIN,159,37,37,8,3,14,14,16.552,False
queenbr01w,7,CON,10,2,0,0,0,0,1,14.55,True
queenbr01w,9,CHI,36,2,4,2,0,0,5,16.389,False
quiglal01w,9,PHO,100,29,11,4,6,1,6,15.228,True
quiglal01w,10,PHO,32,10,5,1,0,0,5,16.487,False
quinnno01w,8,MIN,670,96,89,148,29,13,67,13.809,True
quinnno01w,9,MIN,533,116,69,81,21,2,46,14.073,False
quinnno01w,10,LAS,929,284,122,118,40,11,51,16.372,False
quinnte01w,1,IND,118,15,16,15,4,0,10,16.328,False
radunha01w,2,NYL,9,4,4,0,0,1,2,13.419,True
raglafe01w,3,SEA,432,141,48,23,27,1,29,16.533,True
raglafe01w,4,PHO,39,5,2,2,2,0,3,16.425,False
raglafe01w,5,HOU,517,118,67,38,25,3,32,14.272,False
raglafe01w,6,HOU,9,0,0,1,0,0,0,16.49,False
randase01w,2,SEA,884,300,105,44,29,4,73,15.728,True
randase01w,3,SEA,458,134,68,29,20,1,36,15.648,False
randase01w,3,UTA,135,58,21,8,4,1,10,16.664,False
randase01w,4,SAS,339,88,53,23,11,0,44,15.138,False
randase01w,5,SAS,462,136,60,20,22,4,28,15.163,False
rasmukr01w,1,MIA,454,126,96,27,24,14,29,18.222,False
rasmukr01w,1,UTA,9,0,2,1,1,0,1,16.503,False
rasmukr01w,2,MIA,416,75,88,16,11,14,31,14.794,False
rasmukr01w,3,MIA,674,170,117,41,18,16,37,15.169,False
rasmukr01w,4,IND,814,226,115,64,24,15,48,15.277,False
rasmukr01w,5,IND,692,152,113,47,21,14,35,14.889,False
rasmukr01w,6,CHA,29,6,5,2,1,0,1,16.505,False
rasmukr01w,6,HOU,522,121,76,22,13,16,19,14.767,False
rasmukr01w,7,PHO,908,146,208,72,28,27,33,14.572,False
rasmukr01w,8,CON,522,114,91,29,11,5,35,14.054,False
rasmukr01w,9,MIN,393,79,85,27,12,6,19,14.281,False
raymost01w,8,CHI,180,61,14,27,4,0,18,16.22,True
reddja01w,1,SEA,387,140,45,16,19,1,35,16.577,False
reddja01w,2,SEA,659,231,82,48,17,3,48,16.769,False
reddja01w,3,SEA,112,52,13,7,2,0,7,16.64,False
reedbr01w,1,PHO,1090,608,187,86,66,21,90,27.185,False
reedbr01w,2,PHO,13,3,3,0,0,0,0,16.518,False
reedbr01w,3,PHO,85,38,4,4,2,3,8,16.565,False
reidtr01w,1,CHA,620,211,100,29,14,9,51,16.757,False
reidtr01w,2,MIA,278,80,37,13,15,5,25,16.156,False
reidtr01w,3,PHO,421,113,77,14,22,2,36,15.63,False
reidtr01w,4,PHO,12,2,1,1,2,0,1,16.518,False
rileyru01w,2,MIA,799,218,130,26,25,46,63,15.954,True
rileyru01w,3,MIA,519,148,90,25,11,41,49,16.495,False
rileyru01w,4,DET,995,327,201,64,25,58,82,18.186,False
rileyru01w,5,DET,1037,378,199,50,31,53,82,19.062,False
rileyru01w,6,DET,855,251,156,39,23,46,68,18.625,False
rileyru01w,7,DET,875,249,165,52,18,49,54,18.358,False
rileyru01w,8,SAS,773,176,148,37,27,59,69,17.385,False
rileyru01w,9,SAS,580,153,108,31,14,41,52,16.8,False
rileyru01w,10,SAS,650,163,140,28,14,45,35,16.995,False
rizzoje01w,1,HOU,437,60,36,44,15,2,26,9.457,False
rizzoje01w,2,CLE,476,119,30,51,25,2,41,11.711,False
rizzoje01w,3,CLE,695,178,70,85,23,3,45,13.302,False
rizzoje01w,4,CLE,525,59,42,65,14,0,35,11.48,False
robinas01w,5,PHO,130,17,13,2,8,10,4,11.825,True
robinas01w,6,PHO,659,103,118,31,20,34,38,12.7,False
robinas01w,7,CHI,124,21,34,6,2,8,10,16.479,False
robinas01w,7,SEA,197,21,44,7,6,8,12,16.259,False
robinas01w,8,SEA,409,48,100,14,16,25,26,12.963,False
robinas01w,9,SEA,329,29,72,12,12,20,28,12.121,False
robinas01w,10,SEA,167,12,24,2,2,13,10,16.159,False
robincr01w,1,NYL,722,238,68,48,23,10,33,16.409,False
robincr01w,2,NYL,980,342,92,83,32,8,28,17.335,False
robincr01w,3,NYL,1068,378,92,81,48,12,52,17.479,False
robincr01w,4,NYL,1078,395,70,63,40,13,43,17.304,False
robincr01w,5,NYL,890,339,83,58,24,8,33,17.636,False
robincr01w,6,NYL,969,234,100,58,21,5,38,15.727,False
robincr01w,7,WAS,727,199,70,49,33,0,27,15.163,False
robincr01w,8,WAS,34,2,2,2,2,1,1,16.442,False
robinre01w,1,WAS,5,4,0,0,1,0,1,16.521,False
rolanja01w,1,ORL,173,33,17,8,6,0,19,16.181,False
rossad01w,9,SAS,7,2,1,0,0,0,0,13.729,True
rushle01w,9,CHI,12,3,0,0,0,0,2,16.646,True
salesny01w,1,ORL,995,430,139,69,47,12,67,21.264,False
salesny01w,2,ORL,1039,433,172,58,70,6,72,21.386,False
salesny01w,3,ORL,1042,431,120,60,60,7,71,20.673,False
salesny01w,4,CON,1106,548,145,92,46,13,73,21.835,False
salesny01w,5,CON,1096,517,135,97,75,8,76,22.469,False
salesny01w,6,CON,1074,532,124,74,61,10,64,22.908,False
salesny01w,7,CON,609,286,82,60,26,6,29,23.396,False
salesny01w,8,CON,762,341,105,82,36,11,57,23.104,False
sampsch01w,1,SEA,280,76,40,11,18,6,14,16.187,False
samsh01w,1,MIA,904,396,132,66,35,5,74,20.819,False
samsh01w,2,MIA,1100,444,137,88,55,8,87,20.143,False
samsh01w,3,MIA,1073,463,155,83,69,6,71,21.002,False
samsh01w,4,MIN,953,374,142,88,38,6,48,20.853,False
samsh01w,5,SEA,1018,310,139,82,53,6,63,19.325,False
samsh01w,6,CHA,1075,387,145,91,44,2,100,18.611,False
samsh01w,7,CHA,990,359,172,90,55,3,73,18.799,False
samsh01w,8,IND,591,164,97,42,29,6,39,17.948,False
samsh01w,9,DET,478,92,91,38,19,3,31,16.937,False
sanchis01w,5,DET,62,22,5,3,2,0,11,13.667,True
sandeam01w,8,DET,9,2,2,0,0,0,2,13.677,True
sanfona01w,4,WAS,134,49,26,1,3,2,14,16.952,True
sanfona01w,5,WAS,653,169,154,18,18,16,37,16.47,False
sanfona01w,6,WAS,293,88,45,6,10,11,17,16.415,False
sanfona01w,7,WAS,885,301,203,36,28,21,72,17.982,False
sanfona01w,8,WAS,994,375,242,23,27,28,88,19.042,False
sanfona01w,9,WAS,795,229,193,40,21,11,83,18.277,False
sanfona01w,10,WAS,663,213,147,22,26,14,73,18.052,False
sanniol01w,9,DET,325,106,64,6,11,7,40,16.062,True
sanniol01w,10,DET,298,119,57,16,11,5,30,18.264,False
santoal01w,1,IND,11,3,3,0,0,0,2,16.51,False
santoal01w,2,SEA,62,13,16,0,0,0,3,16.464,False
santoke01w,2,DET,153,52,27,5,3,3,12,16.941,True
santoke01w,3,DET,169,44,32,7,3,9,14,16.487,False
santoke01w,9,SEA,134,47,28,5,4,2,10,16.599,False
sarenra01w,1,PHO,142,64,30,8,0,1,17,16.666,False
sauerpa01w,1,LAS,66,20,16,3,2,1,6,16.544,False
sauerpa01w,2,CLE,4,2,2,0,0,1,1,16.52,False
sauerpa01w,3,CLE,7,0,2,0,1,0,1,16.504,False
saundja01w,2,PHO,253,68,40,7,10,8,14,15.524,True
saundja01w,3,PHO,302,99,38,23,9,4,20,16.311,False
saureau01w,2,WAS,455,76,42,43,24,4,41,10.665,True
saureau01w,3,WAS,165,24,11,18,8,2,15,16.221,False
schumke01w,2,IND,380,112,70,10,5,29,21,17.744,True
schumke01w,3,IND,352,108,59,13,7,23,21,17.756,False
schumke01w,4,IND,480,189,99,20,7,24,32,19.498,False
schumke01w,5,IND,601,224,104,25,10,31,52,19.306,False
schumke01w,6,IND,516,135,68,14,10,24,33,17.371,False
schumke01w,7,NYL,539,163,116,23,3,25,35,17.445,False
schumke01w,8,PHO,543,151,147,12,17,25,34,17.596,False
schumke01w,9,DET,89,14,20,5,2,3,8,16.429,False
schumke01w,10,DET,10,0,0,0,0,1,0,16.489,False
schwege01w,2,MIN,423,87,50,34,11,6,17,12.843,True
schwege01w,3,MIN,509,124,51,37,15,5,27,13.072,False
schwege01w,4,MIN,118,15,18,7,3,1,8,16.301,False
scottol01w,1,DET,369,100,80,28,12,10,45,16.205,False
scottol01w,2,IND,775,280,161,40,22,12,72,18.137,False
scottol01w,3,IND,975,292,211,52,38,13,69,17.874,False
scottol01w,5,CHA,398,73,65,10,9,13,36,16.165,False
scottol01w,6,SAC,170,38,33,5,4,2,22,16.308,False
scottol01w,7,IND,159,50,33,7,7,2,15,16.56,False
scottol01w,8,PHO,32,8,4,2,3,1,3,16.52,False
scottol01w,9,PHO,69,16,19,3,1,6,6,16.551,False
shakiel01w,1,HOU,150,57,31,4,5,2,7,16.668,False
shakiel01w,2,HOU,203,38,35,9,6,2,9,15.08,False
shakiel01w,3,CHA,5,1,1,0,1,0,0,16.515,False
sharpkb01w,4,NYL,398,94,32,37,14,0,26,12.491,True
sharpkb01w,5,NYL,240,29,21,33,6,1,20,10.862,False
sharpkb01w,7,IND,155,22,9,23,7,0,8,16.283,False
sharpkb01w,8,IND,454,109,32,49,13,0,26,11.869,False
sharpkb01w,9,CHI,598,106,45,49,14,0,31,10.706,False
sharpkb01w,10,CHI,325,70,20,25,8,2,23,10.76,False
shielas01w,8,HOU,304,137,33,20,10,1,44,18.272,True
shielas01w,9,DET,44,22,3,2,1,0,6,16.547,False
shielas01w,9,HOU,12,2,0,1,1,0,1,16.501,False
slaisma01w,1,DET,7,4,1,0,1,0,0,16.527,False
slauggw01w,5,MIN,7,2,1,0,0,1,0,16.344,True
slavtge01w,4,PHO,12,0,0,1,0,0,1,16.218,True
smithai01w,4,WAS,422,104,65,10,11,9,26,13.504,True
smithai01w,5,WAS,403,115,69,15,17,12,21,15.408,False
smithbr01w,9,PHO,134,41,36,9,2,3,9,19.128,True
smithbr01w,10,PHO,144,21,35,3,2,3,7,16.349,False
smithch02w,1,CHA,659,156,106,55,15,17,48,14.591,False
smithch02w,2,CHA,678,171,101,50,16,13,41,14.661,False
smithch02w,3,CHA,890,256,121,53,21,17,60,14.903,False
smithch02w,4,CHA,443,95,60,18,10,2,24,14.048,False
smithch02w,5,CHA,977,280,139,40,18,13,55,14.309,False
smithch02w,6,WAS,1036,246,128,71,22,11,46,13.867,False
smithch02w,7,IND,173,35,24,7,3,1,13,16.261,False
smithch03w,1,SEA,516,52,47,53,16,3,32,8.274,False
smithch03w,2,SEA,589,58,55,39,17,1,26,7.828,False
smithch03w,4,PHO,17,0,4,1,0,0,0,16.483,False
smithcr01w,7,PHO,197,60,22,22,17,0,18,17.397,True
smithcr01w,8,HOU,683,170,53,72,34,3,56,14.118,False
smithcr01w,9,MIN,0,0,0,0,0,0,0,16.526,False
smithcr01w,9,WAS,392,121,28,25,14,2,34,13.991,False
smithje01w,6,NYL,7,0,0,0,0,0,0,13.419,True
smithka01w,1,MIN,1193,646,93,90,44,7,76,23.293,False
smithka01w,2,MIN,1234,739,122,70,23,5,87,24.025,False
smithka01w,3,MIN,1138,512,92,79,32,7,70,22.107,False
smithka01w,4,MIN,1185,620,138,84,25,6,67,22.49,False
smithka01w,5,MIN,800,432,84,52,23,6,51,22.687,False
smithka01w,6,DET,394,124,28,26,5,3,17,20.715,False
smithka01w,6,MIN,766,306,55,61,25,2,54,20.784,False
smithka01w,7,DET,1137,398,92,112,25,4,65,17.552,False
smithka01w,8,DET,1166,450,128,124,42,3,59,17.993,False
smithka01w,9,DET,1152,500,94,137,32,3,80,18.952,False
smithka01w,10,DET,894,369,63,76,21,2,62,18.705,False
smithki01w,7,SAC,313,74,39,20,9,0,22,12.525,True
smithki01w,8,SAC,6,0,2,0,0,0,1,16.502,False
smithki01w,9,SAC,143,33,14,5,7,2,9,16.366,False
smithla01w,1,ORL,12,5,2,1,2,0,2,16.548,False
smithta01w,1,SAC,925,388,178,43,30,64,60,23.145,False
smithta01w,2,SAC,912,358,179,41,34,55,66,22.417,False
smithta01w,3,SAC,1063,469,188,40,27,46,59,22.39,False
smithta01w,4,SAC,986,430,187,52,43,32,56,22.677,False
smithta01w,5,SAC,908,380,138,50,38,25,53,22.124,False
smithta01w,6,CHA,1063,421,162,41,51,32,84,21.21,False
smithta01w,7,CHA,972,445,180,50,41,29,70,21.875,False
smithta01w,8,PHO,1072,428,220,44,40,56,56,22.015,False
smithta01w,9,PHO,722,277,176,28,28,29,41,22.184,False
smithta01w,10,PHO,920,336,183,27,34,57,37,22.144,False
smithty01w,8,DET,7,1,2,0,1,0,0,13.677,True
smithwa01w,9,DET,0,0,0,0,0,0,0,13.677,True
snellbe01w,6,PHO,226,65,36,18,7,1,11,16.423,True
snellbe01w,7,PHO,250,100,39,19,15,3,17,19.303,False
snellbe01w,8,PHO,343,107,46,44,20,4,18,19.159,False
snellbe01w,10,SAS,553,187,70,37,27,3,29,18.336,False
snowmi01w,3,HOU,480,125,119,13,12,26,22,18.0,True
snowmi01w,4,HOU,1025,314,263,42,35,62,68,19.703,False
snowmi01w,5,HOU,893,276,239,31,28,35,71,19.5,False
snowmi01w,6,HOU,966,396,225,40,20,38,65,20.628,False
snowmi01w,7,HOU,995,442,269,47,33,38,88,22.25,False
snowmi01w,8,HOU,892,366,230,47,18,35,91,22.425,False
snowmi01w,9,HOU,856,336,230,43,18,31,64,22.688,False
snowmi01w,10,ATL,503,185,145,17,15,17,39,22.49,False
spencsi01w,8,LAS,828,327,138,42,27,11,35,20.283,True
spencsi01w,9,LAS,451,174,62,18,14,4,23,19.507,False
spencsi01w,10,NYL,340,99,38,15,6,1,9,17.898,False
spornra01w,2,DET,265,41,52,11,7,4,13,11.819,True
stafftr01w,2,HOU,365,113,85,16,12,2,26,17.704,True
stafftr01w,3,MIA,38,8,6,2,1,0,6,16.457,False
staleda01w,1,CHA,1099,282,77,190,37,1,91,14.518,False
staleda01w,2,CHA,1152,298,71,179,52,1,100,14.357,False
staleda01w,3,CHA,1061,278,56,164,48,0,80,14.37,False
staleda01w,4,CHA,1086,269,58,174,49,4,78,14.322,False
staleda01w,5,CHA,1143,302,58,171,43,2,74,14.314,False
staleda01w,6,CHA,684,146,53,121,30,0,42,14.267,False
staleda01w,6,HOU,221,33,17,28,6,1,12,13.858,False
staleda01w,7,HOU,1018,250,75,133,35,5,76,13.535,False
stansti01w,7,LAS,23,6,7,2,1,2,2,14.797,True
stansti01w,8,MIN,437,130,130,15,13,11,29,19.46,False
starbka01w,1,UTA,340,117,33,30,13,11,29,17.449,False
starbka01w,2,UTA,310,109,30,21,8,1,15,16.986,False
starbka01w,3,SEA,186,53,19,12,6,4,11,16.447,False
starbka01w,3,UTA,88,26,7,7,9,4,2,16.595,False
starbka01w,5,IND,117,20,9,11,6,0,9,16.332,False
stedika01w,1,SAC,309,91,39,14,11,10,17,15.984,False
stedika01w,2,SEA,393,102,35,24,16,9,22,14.708,False
stepama01w,1,PHO,170,57,48,8,4,9,22,16.677,False
stepama01w,2,PHO,815,334,201,41,43,64,50,24.709,False
stepama01w,6,PHO,409,162,80,23,20,38,22,24.573,False
stephst01w,5,DET,36,4,9,3,0,0,2,13.675,True
stevema01w,5,SAS,259,38,35,5,6,4,11,9.493,True
stevema01w,6,SEA,53,6,6,1,2,0,4,16.386,False
stevema01w,7,PHO,18,3,2,0,1,1,2,16.494,False
stileja01w,2,POR,1023,478,77,55,24,3,68,19.348,True
stileja01w,3,POR,382,125,18,20,4,0,21,17.236,False
stinsan01w,1,CHA,1123,565,136,121,55,23,86,24.45,False
stinsan01w,2,CHA,1006,450,137,88,43,19,70,23.19,False
stinsan01w,3,CHA,950,411,177,91,37,9,52,23.128,False
stinsan01w,4,CHA,1000,377,140,97,48,5,75,21.726,False
stinsan01w,5,CHA,777,203,119,49,27,7,41,19.154,False
stinsan01w,6,DET,102,22,12,13,3,0,4,16.457,False
stiresh01w,1,MIN,117,35,14,7,6,0,14,16.451,False
stiresh01w,2,MIN,201,51,27,14,8,4,19,14.065,False
stiresh01w,3,MIN,22,6,6,1,0,1,2,16.53,False
stockta01w,2,WAS,11,3,2,0,0,0,0,15.583,True
streiju01w,1,IND,424,121,71,44,16,23,32,18.518,False
streiju01w,2,IND,707,246,139,52,37,19,52,19.796,False
streiju01w,6,IND,686,186,101,32,29,11,36,17.636,False
strotan01w,7,PHO,39,16,5,2,1,2,0,16.225,True
strotan01w,8,IND,69,28,9,3,0,0,2,16.559,False
strotan01w,9,ATL,160,39,13,7,5,3,3,16.387,False
summela01w,6,CON,43,10,10,3,2,0,4,14.552,True
summela01w,7,CON,359,83,36,19,3,2,20,11.594,False
sun-mju01w,4,SEA,118,30,10,1,5,0,5,11.959,True
suttota01w,2,CHA,602,196,129,11,21,39,40,19.495,True
suttota01w,3,CHA,885,382,191,15,29,36,49,21.635,False
suttota01w,4,CHA,864,286,201,15,19,50,59,20.535,False
suttota01w,5,CHA,970,325,211,15,31,71,71,20.246,False
suttota01w,6,CHA,887,318,179,14,30,37,69,19.869,False
suttota01w,7,CHA,800,335,176,20,26,55,71,20.616,False
suttota01w,8,IND,860,409,184,30,35,47,85,22.196,False
suttota01w,9,IND,956,389,208,17,20,57,69,22.209,False
suttota01w,10,IND,680,266,158,23,15,40,49,22.42,False
swanike01w,9,CON,231,41,29,26,14,1,20,12.545,True
swanike01w,10,PHO,388,93,53,54,15,3,46,13.756,False
swoopsh01w,1,HOU,1090,643,195,119,87,33,82,30.564,False
swoopsh01w,3,HOU,1154,592,158,107,88,23,87,27.707,False
swoopsh01w,4,HOU,1084,484,143,121,77,26,73,26.021,False
swoopsh01w,5,HOU,1070,459,153,91,47,16,59,24.436,False
swoopsh01w,6,HOU,1225,614,119,141,66,26,72,23.959,False
swoopsh01w,7,HOU,1111,482,183,115,64,9,74,23.432,False
swoopsh01w,8,HOU,106,23,17,11,5,1,9,16.464,False
swoopsh01w,9,SEA,706,205,126,60,43,9,31,21.277,False
tateso01w,1,MIN,94,27,13,5,3,0,7,16.473,False
tauradi01w,5,PHO,1130,578,149,132,43,25,90,24.84,True
tauradi01w,6,PHO,1089,527,138,150,38,28,112,24.166,False
tauradi01w,7,PHO,1152,860,122,139,42,27,79,28.295,False
tauradi01w,8,PHO,1025,613,135,137,45,34,84,28.53,False
tauradi01w,9,PHO,1083,820,172,121,46,46,83,31.534,False
tauradi01w,10,PHO,976,631,178,109,36,43,82,32.296,False
tayloli01w,5,PHO,26,3,3,2,1,1,1,16.218,True
taylope01w,2,CLE,561,230,112,44,35,11,38,23.012,True
taylope01w,3,CLE,908,391,158,68,37,11,58,22.353,False
taylope01w,4,CLE,898,398,148,80,38,10,60,22.473,False
taylope01w,5,PHO,1076,434,160,82,52,14,81,21.566,False
taylope01w,6,PHO,852,382,120,94,38,11,77,21.735,False
taylope01w,7,PHO,536,277,113,51,29,9,29,23.27,False
taylope01w,8,PHO,1010,605,214,98,51,22,77,26.481,False
taylope01w,10,PHO,283,153,34,32,18,2,31,27.232,False
teaslni01w,3,LAS,882,204,84,140,25,9,68,14.171,True
teaslni01w,4,LAS,1189,392,175,214,39,15,108,17.652,False
teaslni01w,5,LAS,1105,336,116,207,43,7,103,17.624,False
teaslni01w,6,LAS,551,141,53,70,23,4,47,16.833,False
teaslni01w,7,WAS,975,364,89,183,44,11,77,18.63,False
teaslni01w,8,WAS,746,172,73,109,23,6,62,16.765,False
teaslni01w,10,ATL,234,39,17,35,9,1,12,15.801,False
teaslni01w,10,DET,222,42,14,24,6,4,16,15.691,False
teilaza01w,7,WAS,105,29,27,1,3,3,4,17.76,True
terryka01w,7,IND,53,23,14,0,0,3,8,16.133,True
terryka01w,8,IND,54,9,14,1,2,3,11,16.448,False
terryka01w,9,ATL,275,92,64,10,10,11,37,17.583,False
terryka01w,9,IND,24,2,5,2,0,0,6,16.444,False
thomaca01w,8,CHI,122,43,28,3,1,4,7,19.121,True
thomach01w,5,LAS,547,165,120,23,18,14,27,18.309,True
thomach01w,6,LAS,520,122,104,17,11,19,25,16.504,False
thomach01w,7,LAS,539,164,143,26,20,14,42,17.728,False
thomach01w,8,LAS,640,287,179,18,22,9,46,20.405,False
thomach01w,9,LAS,159,29,40,6,2,8,8,16.455,False
thomach01w,10,MIN,66,3,15,3,3,5,6,16.419,False
thomala01w,4,CLE,852,345,164,37,28,13,42,21.013,True
thomala01w,5,SAS,964,440,138,42,25,11,56,21.016,False
thomala01w,6,SAS,505,185,68,22,7,8,33,19.778,False
thomala01w,7,SAS,369,157,82,22,14,7,27,20.484,False
thomala01w,8,LAS,487,208,61,32,9,7,29,20.177,False
thomala01w,9,DET,40,8,5,1,1,1,2,16.471,False
thomala01w,9,MIN,147,47,25,3,2,0,18,16.416,False
thomast01w,1,POR,863,163,126,101,54,15,68,14.321,False
thomast01w,2,POR,413,59,70,41,30,10,40,13.769,False
thomast01w,3,POR,621,143,94,67,42,12,36,15.038,False
thomast01w,4,DET,82,15,16,5,9,1,6,16.505,False
thomast01w,4,PHO,187,46,27,10,11,8,10,16.508,False
thomast01w,5,DET,1,0,0,0,0,0,0,16.522,False
thomast01w,6,DET,133,12,20,8,8,3,3,16.328,False
thomast01w,6,MIN,3,0,2,0,0,0,0,16.516,False
thompal01w,1,IND,792,310,157,41,24,4,53,19.977,False
thompal01w,2,IND,381,186,63,25,9,7,22,21.393,False
thompal01w,3,IND,314,97,42,14,7,2,18,19.386,False
thompal01w,5,SEA,182,52,24,9,6,0,7,16.456,False
thompal01w,6,SEA,329,83,45,14,4,4,18,15.701,False
thompti01w,1,HOU,1087,540,245,48,47,25,84,25.114,False
thompti01w,2,HOU,1102,579,233,58,29,22,87,25.192,False
thompti01w,3,HOU,1052,485,217,62,25,20,92,24.042,False
thompti01w,4,HOU,974,472,165,47,18,23,69,23.529,False
thompti01w,5,HOU,943,520,157,48,22,23,70,23.982,False
thompti01w,6,HOU,439,152,57,22,12,4,32,22.108,False
thompti01w,7,HOU,696,392,118,47,20,13,52,23.571,False
thompti01w,8,HOU,1234,639,229,94,29,23,112,24.155,False
thompti01w,9,HOU,1074,542,208,64,33,20,112,23.858,False
thompti01w,10,LAS,1182,441,199,78,26,24,94,22.009,False
thorbsh01w,7,MIN,141,16,18,19,4,2,14,9.728,True
thorbsh01w,8,SEA,8,2,1,0,0,0,2,16.498,False
thorner01w,4,NYL,181,44,11,16,4,1,13,11.695,True
thorner01w,5,NYL,156,34,8,8,4,1,9,16.261,False
thorner01w,6,NYL,203,56,14,13,4,0,7,11.992,False
thorner01w,7,NYL,378,166,38,33,6,1,21,16.479,False
thorner01w,8,NYL,883,281,87,73,25,1,48,16.119,False
thorner01w,9,NYL,380,101,20,36,7,2,20,15.294,False
thorner01w,10,CHI,577,211,53,53,20,0,31,16.352,False
threaro01w,1,SEA,377,155,32,18,13,3,30,17.666,False
tilliic01w,5,DET,287,83,39,13,9,8,23,15.09,True
tilliic01w,7,NYL,256,86,55,11,10,4,22,16.941,False
tilliic01w,8,DET,26,4,7,1,0,0,7,16.454,False
tilliic01w,8,LAS,8,0,1,0,0,0,4,16.476,False
timmsmi01w,1,PHO,176,30,16,18,15,2,18,16.311,False
timmsmi01w,2,PHO,408,98,45,87,21,2,42,15.231,False
tolivkr01w,10,CHI,386,205,37,51,10,3,44,23.204,True
torniel01w,1,DET,869,330,110,82,29,13,68,19.007,False
torniel01w,2,DET,777,307,77,56,19,14,59,18.528,False
torrele01w,2,MIA,8,0,0,0,0,0,2,13.076,True
traviti01w,1,CHA,574,173,81,26,31,4,32,16.338,False
tremich01w,1,IND,318,50,31,51,10,1,30,11.026,False
turneba01w,7,SEA,622,216,86,48,13,6,47,17.126,True
turneba01w,8,HOU,263,92,42,20,8,4,21,17.517,False
turneba01w,9,CON,663,273,108,52,12,14,40,19.405,False
turneba01w,10,CON,144,28,15,14,5,0,4,16.376,False
tuvicsl01w,2,PHO,325,54,63,17,16,17,28,13.669,True
tuvicsl01w,3,PHO,320,86,63,11,9,9,31,14.497,False
tuvicsl01w,4,PHO,365,127,67,12,10,15,32,16.321,False
tuvicsl01w,5,PHO,691,91,123,32,25,37,41,13.936,False
udokamf01w,4,HOU,251,80,51,4,4,2,21,15.748,True
udokamf01w,5,LAS,19,1,3,0,0,0,1,16.463,False
ujhelpe01w,4,DET,68,4,12,3,0,1,10,13.561,True
umoh-it01w,4,HOU,6,0,0,1,0,0,1,12.554,True
valdeam01w,1,HOU,171,57,21,13,8,4,13,16.576,False
vangomi01w,1,POR,199,69,42,5,3,4,30,16.494,False
vangomi01w,2,MIN,243,41,34,12,3,6,18,12.348,False
vangomi01w,3,MIN,352,100,64,14,6,11,20,14.49,False
vangomi01w,4,MIN,528,175,107,17,10,20,56,15.99,False
vangomi01w,5,MIN,66,22,13,1,0,1,7,16.503,False
vaughki01w,10,NYL,396,163,88,8,6,3,32,19.709,True
vaughkr01w,9,WAS,78,12,15,0,2,2,10,15.474,True
vealkr01w,2,PHO,658,116,60,125,33,4,82,12.316,True
vealkr01w,3,PHO,361,71,27,41,14,2,42,11.514,False
vilipda01w,7,LAS,12,0,2,0,0,1,1,14.794,True
vodicka01w,1,SEA,489,200,97,22,13,12,57,19.76,False
vodicka01w,2,SEA,405,150,71,23,16,7,34,19.408,False
vodicka01w,3,SEA,817,295,176,47,36,18,55,20.11,False
vodicka01w,4,SEA,709,284,143,31,20,21,53,20.408,False
vodicka01w,5,SEA,873,273,168,55,32,12,73,19.073,False
vodicka01w,6,PHO,821,305,196,63,28,22,58,20.133,False
vodicka01w,7,PHO,736,272,187,41,28,19,53,20.634,False
vodopna01w,6,SEA,98,25,20,10,3,2,8,14.827,True
walkeas01w,10,SEA,90,23,23,4,2,2,7,14.813,True
walkeay01w,3,DET,548,162,118,17,12,34,29,18.539,True
walkeay01w,4,DET,271,56,71,10,10,11,19,17.485,False
walkeay01w,5,DET,148,18,26,6,1,4,5,16.276,False
walkeay01w,6,CHA,92,12,18,6,2,2,3,16.414,False
walkeay01w,6,DET,241,59,47,13,6,10,16,15.741,False
walkeay01w,7,CHA,181,46,31,3,10,10,4,16.563,False
walkeay01w,8,DET,43,7,6,1,1,2,6,16.437,False
walkede01w,1,POR,311,92,47,19,17,7,35,15.94,False
walkede01w,2,POR,297,113,58,10,7,12,35,17.59,False
walkede01w,3,POR,848,339,154,51,26,33,90,19.502,False
walkede01w,4,SAC,740,307,149,47,25,23,69,20.479,False
walkede01w,5,SAC,884,284,143,86,26,13,86,19.159,False
walkede01w,6,SAC,598,311,117,48,28,13,69,21.116,False
walkede01w,7,SAC,438,213,92,32,15,7,36,22.147,False
walkede01w,8,SAC,105,44,25,6,3,3,15,16.653,False
walkede01w,9,SAC,52,11,6,1,5,0,10,16.428,False
walkede01w,10,SAC,821,291,157,65,27,16,92,19.255,False
walkema01w,9,HOU,11,0,7,1,0,1,4,12.554,True
walsema01w,2,SAC,8,4,2,0,0,0,2,13.561,True
walsema01w,3,WAS,104,13,21,7,2,0,9,16.337,False
washico01w,1,HOU,236,43,19,24,16,0,19,11.563,False
washico01w,2,HOU,1013,169,118,122,69,9,57,13.082,False
washico01w,3,HOU,349,44,41,31,13,0,20,12.057,False
washico01w,3,IND,325,80,33,48,23,2,24,13.921,False
washico01w,4,IND,348,63,29,48,14,2,30,12.76,False
washito01w,1,WAS,103,26,14,5,2,0,4,16.441,False
washito01w,2,WAS,336,101,43,10,4,2,14,14.224,False
washito01w,3,WAS,291,73,38,15,3,2,16,13.533,False
washito01w,4,SEA,121,33,11,5,4,0,5,16.421,False
washito01w,4,WAS,101,20,10,3,1,0,5,16.334,False
wautean01w,1,CLE,598,199,129,37,21,24,63,19.029,False
wautean01w,2,CLE,622,234,114,35,17,13,50,19.186,False
wautean01w,3,CLE,802,314,140,39,16,21,59,19.364,False
wautean01w,5,NYL,271,82,40,21,4,8,21,18.727,False
wautean01w,6,NYL,879,383,184,41,18,23,71,20.303,False
wautean01w,9,SAS,980,471,239,56,36,38,70,23.071,False
wautean01w,10,SAS,463,220,95,19,13,6,44,23.291,False
weathte01w,1,NYL,1078,205,109,205,65,5,86,14.514,False
weathte01w,2,NYL,974,207,118,203,55,4,81,15.374,False
weathte01w,3,NYL,954,108,86,181,42,3,78,13.343,False
weathte01w,4,NYL,824,98,97,149,28,5,62,12.641,False
weathte01w,5,LAS,292,17,29,32,12,1,26,11.315,False
webbum01w,1,MIA,195,43,14,14,7,4,23,16.223,False
weberma01w,8,NYL,4,0,1,0,0,0,1,13.419,True
weckeke01w,6,SAS,11,4,0,2,1,0,1,13.729,True
weckeke01w,7,SAS,578,190,84,47,11,3,32,17.023,False
weckeke01w,8,SAS,73,16,8,4,3,1,3,16.456,False
weckeke01w,9,WAS,48,5,11,7,3,0,7,16.464,False
whaleli01w,5,CON,946,275,90,148,39,0,94,15.785,True
whaleli01w,6,CON,1047,411,128,172,42,2,89,18.81,False
whaleli01w,7,CON,861,296,122,153,34,2,79,19.148,False
whaleli01w,8,CON,1040,454,162,169,73,3,75,21.413,False
whaleli01w,9,CON,908,435,174,166,45,1,58,24.002,False
whaleli01w,10,CON,1000,419,156,156,43,5,63,23.965,False
whitede01w,5,NYL,420,82,118,9,8,10,36,14.031,True
whitede01w,6,NYL,90,16,22,0,4,3,3,16.477,False
whiteer01w,9,HOU,426,121,47,47,23,3,48,15.144,True
whiteer01w,10,IND,18,2,2,4,1,1,0,16.526,False
whiteta01w,6,IND,693,242,53,53,30,7,70,15.803,True
whiteta01w,7,IND,745,302,82,52,27,9,51,17.824,False
whiteta01w,8,IND,841,368,90,65,36,10,99,18.603,False
whiteta01w,9,IND,894,328,101,80,43,14,85,18.434,False
whiteta01w,10,CON,659,285,82,66,35,9,37,19.935,False
whitiva01w,2,MIN,462,88,83,16,15,14,34,12.662,True
whitiva01w,3,MIN,52,13,9,5,2,2,4,16.528,False
whitmta01w,1,NYL,689,277,105,20,17,17,53,18.883,False
whitmta01w,2,NYL,752,226,97,19,17,10,33,16.452,False
whitmta01w,3,NYL,977,406,141,23,27,43,49,18.603,False
whitmta01w,4,NYL,823,271,122,25,35,22,57,18.019,False
whitmta01w,5,LAS,595,210,106,17,12,5,34,17.783,False
whitmta01w,6,LAS,917,327,143,42,33,14,57,18.22,False
whitmta01w,7,IND,1057,528,165,61,46,12,94,20.256,False
whitmta01w,8,IND,880,370,170,51,20,11,84,20.558,False
whitmta01w,9,CON,911,429,161,47,20,13,68,21.35,False
whitmta01w,10,CON,376,105,52,25,9,3,20,20.417,False
whittje01w,2,WAS,20,0,1,0,0,1,3,15.579,True
whittkh01w,9,IND,186,43,34,6,9,11,12,15.987,True
whittkh01w,10,IND,25,12,5,2,0,0,0,16.58,False
wickssu01w,1,NYL,680,156,149,21,26,39,50,16.147,False
wickssu01w,2,NYL,602,157,138,37,36,30,43,17.663,False
wickssu01w,3,NYL,428,66,101,14,22,15,30,16.217,False
widemja01w,1,POR,35,0,4,2,2,0,6,16.387,False
wiggica01w,9,MIN,824,472,97,90,54,7,57,27.262,True
wiggica01w,10,MIN,1017,446,100,88,41,7,81,22.716,False
wilkibr01w,7,SAC,14,6,0,1,0,0,2,13.561,True
wilkibr01w,9,SAS,0,0,0,0,0,0,0,16.526,False
williad01w,1,PHO,351,78,71,16,14,4,29,14.01,False
williad01w,2,PHO,375,96,75,11,15,5,34,14.385,False
williad01w,3,PHO,878,200,220,35,48,29,63,16.046,False
williad01w,4,PHO,985,334,252,31,57,19,73,18.277,False
williad01w,5,PHO,145,65,21,5,11,5,15,16.739,False
williad01w,5,SAS,149,32,28,8,8,1,12,16.424,False
williad01w,7,MIN,488,157,149,8,25,8,19,20.192,False
williad01w,8,SAC,609,211,152,28,22,6,57,19.603,False
williad01w,9,SAC,687,207,167,20,19,8,54,18.338,False
willian01w,6,PHO,149,40,23,9,4,7,11,15.874,True
willian01w,7,DET,133,41,13,12,7,6,15,16.526,False
willibe01w,1,IND,3,0,0,0,0,0,0,16.512,False
willile01w,5,CON,175,68,43,7,8,2,12,21.518,True
willile01w,6,CON,91,24,17,3,2,0,14,16.413,False
willile01w,7,CON,209,63,55,17,5,0,15,18.107,False
willile01w,8,CON,320,58,77,11,8,6,19,15.544,False
willile01w,9,PHO,834,343,202,29,22,7,46,19.605,False
willile01w,10,PHO,713,340,143,35,22,9,46,21.488,False
willile02w,3,DET,177,73,19,4,4,0,14,16.942,True
willili01w,7,LAS,320,111,43,10,26,0,17,18.248,True
willili01w,8,LAS,77,18,9,4,4,1,10,16.426,False
willili01w,8,NYL,157,61,27,9,10,0,24,16.596,False
willili01w,9,NYL,458,191,58,14,29,5,31,18.982,False
willili01w,10,SAC,5,0,0,0,0,0,1,16.5,False
willina01w,1,UTA,1039,543,336,51,35,18,79,28.121,False
willina01w,2,UTA,1064,439,308,55,41,10,70,25.387,False
willina01w,3,UTA,1008,351,255,38,38,16,72,22.982,False
willina01w,4,IND,1054,457,255,46,43,21,70,23.116,False
willina01w,5,IND,956,349,235,62,40,23,65,22.07,False
willina01w,6,IND,804,251,186,31,35,12,56,20.645,False
williri01w,1,IND,1014,352,95,101,76,3,69,18.458,False
williri01w,2,IND,1042,380,104,114,72,11,100,18.691,False
williri01w,3,HOU,85,19,6,7,11,0,10,16.459,False
williri01w,3,IND,484,120,37,43,21,2,29,17.163,False
williri01w,4,SEA,381,78,22,41,14,0,27,14.323,False
willish01w,4,LAS,229,49,32,19,6,0,7,13.488,True
willita01w,1,POR,174,80,17,13,8,2,10,16.756,False
willito01w,5,SAS,417,55,39,43,35,5,31,11.283,True
williwe01w,2,LAS,47,17,5,3,1,0,2,14.798,True
wilsoam01w,1,PHO,9,2,1,1,0,0,0,16.51,False
wirthch01w,10,IND,120,22,15,13,3,1,3,13.05,True
wisdoli01w,10,LAS,197,69,41,8,3,8,15,18.969,True
witheso01w,1,POR,1061,538,105,68,38,8,88,21.834,False
witheso01w,2,POR,862,373,74,54,30,8,72,20.205,False
witheso01w,3,LAS,358,161,29,29,13,2,22,20.212,False
witheso01w,4,LAS,235,56,19,4,7,0,7,18.578,False
wolteka01w,1,IND,793,370,164,39,12,49,73,23.697,False
wolteka01w,2,SAC,378,151,74,17,4,25,33,22.609,False
wolteka01w,3,SAC,78,24,23,3,0,3,6,16.577,False
wolvean01w,2,CLE,5,2,1,0,0,0,0,16.917,True
wrighsh01w,5,PHO,243,57,27,8,3,1,15,11.111,True
wrighsh01w,6,PHO,346,94,50,23,14,3,28,13.602,False
wrighta01w,6,SEA,528,122,57,53,18,3,40,13.091,True
wrighta01w,7,SEA,508,124,60,41,11,2,52,12.54,False
wrighta01w,8,SEA,547,139,43,69,31,2,55,13.202,False
wrighta01w,9,SEA,808,268,116,84,31,8,78,15.336,False
wrighta01w,10,SEA,1072,404,117,129,50,10,85,17.55,False
wyckobr01w,2,ORL,648,108,122,37,26,15,50,12.517,True
wyckobr01w,3,ORL,514,81,90,32,19,18,30,12.654,False
wyckobr01w,4,CON,755,156,146,35,33,19,39,13.71,False
wyckobr01w,6,CON,596,105,95,35,13,9,28,13.066,False
wyckobr01w,7,CHI,345,50,40,33,14,12,16,12.875,False
wyckobr01w,8,CHI,520,98,108,47,20,18,27,13.972,False
wyckobr01w,9,CHI,594,75,79,46,14,20,34,12.315,False
wyckobr01w,10,CHI,531,83,73,38,10,20,29,12.044,False
wynneda01w,2,SAC,3,2,1,0,0,1,0,13.561,True
yamasli01w,3,MIA,147,52,15,9,4,1,10,16.359,True
yamasli01w,4,NYL,148,16,12,9,4,0,5,16.173,False
yilmane01w,4,PHO,34,14,3,2,0,0,4,16.219,True
yilmane01w,5,SAS,77,19,10,2,3,1,4,16.46,False
youngca01w,2,POR,279,111,34,15,14,1,27,18.245,True
youngca01w,3,POR,186,83,14,12,4,0,18,16.595,False
youngso01w,7,SAS,1057,408,257,50,57,13,45,22.526,True
youngso01w,8,SAS,1106,553,193,51,49,12,61,23.502,False
youngso01w,9,SAS,1054,576,186,75,53,17,57,25.048,False
youngso01w,10,SAS,1113,600,215,54,44,16,62,25.446,False
youngta01w,9,ATL,745,240,139,41,30,10,59,17.623,True
youngta01w,10,ATL,73,30,14,5,6,1,9,16.629,False
youngta01w,10,CHI,129,50,30,7,7,4,11,16.719,False
zakalok01w,1,DET,258,89,46,2,5,13,19,17.763,False
zakalok01w,3,DET,10,2,0,0,0,1,0,16.505,False
zakalok01w,3,PHO,37,6,3,0,0,0,4,16.411,False
zarafr01w,6,SEA,413,90,39,51,16,1,41,12.317,True
zellosh01w,10,DET,802,406,106,62,27,17,77,23.059,True
zirkozu01w,4,WAS,30,11,2,1,0,0,2,15.582,True
zollsh01w,9,MIN,30,10,3,3,1,0,3,16.344,True
