bioID,pos,firstseason,lastseason,height,weight,college,collegeOther,birthDate,deathDate
abrahta01w,C,NaN,NaN,74.0,190.0,George Washington,Unknown,1975-09-27,NaN
abrossv01w,F,NaN,NaN,74.0,169.0,Connecticut,Unknown,1980-07-09,NaN
adairje01w,C,NaN,NaN,76.0,197.0,George Washington,Unknown,1986-12-19,NaN
adamsda01w,F-C,NaN,NaN,73.0,239.0,Texas A&M,Jefferson College (JC),1989-02-19,NaN
adamsjo01w,C,NaN,NaN,75.0,180.0,New Mexico,Unknown,1981-05-24,NaN
adamsmi01w,Unknown,NaN,NaN,NaN,NaN,Unknown,Unknown,NaN,NaN
adubari99w,Unknown,NaN,NaN,NaN,NaN,Unknown,Unknown,NaN,NaN
aglerbr99w,Unknown,NaN,NaN,NaN,NaN,Unknown,Unknown,NaN,NaN
aguilel01w,G,NaN,NaN,67.0,165.0,George Washington,Unknown,1976-10-15,NaN
ajavoma01w,G,NaN,NaN,68.0,160.0,Rutgers,Unknown,1986-05-07,NaN
alberma01w,G,NaN,NaN,64.0,NaN,Ohio State,Unknown,1975-04-12,NaN
aldrima01w,G,NaN,NaN,71.0,153.0,UNC Charlotte,Unknown,1973-09-15,NaN
alexaer01w,G,NaN,NaN,67.0,140.0,California-Santa Barbara,Unknown,1975-04-25,NaN
alhalta01w,F-G,NaN,NaN,72.0,149.0,DePaul,Unknown,1974-10-17,NaN
allench01w,G,NaN,NaN,71.0,135.0,Notre Dame,Unknown,1986-07-23,NaN
allenso99w,Unknown,NaN,NaN,NaN,NaN,Unknown,Unknown,NaN,NaN
amachma01w,F,NaN,NaN,73.0,175.0,Unknown,Unknown,1978-01-30,NaN
ambermo01w,F,NaN,NaN,76.0,169.0,Arizona State,Unknown,1970-12-21,NaN
anderam01w,F,NaN,NaN,72.0,167.0,Brigham Young,Unknown,1984-03-14,NaN
anderch01w,C,NaN,NaN,78.0,190.0,Vanderbilt,Unknown,1981-01-22,NaN
anderjo01w,G,NaN,NaN,68.0,166.0,Wisconsin,Unknown,1986-07-22,NaN
anderke01w,G,NaN,NaN,67.0,125.0,Wisconsin,Unknown,1974-05-17,NaN
andrame01w,F,NaN,NaN,71.0,165.0,Old Dominion,Unknown,1975-12-31,NaN
angelyv01w,G,NaN,NaN,68.0,160.0,Ohio State,Unknown,1963-10-14,NaN
anosini01w,C,NaN,NaN,75.0,211.0,Tennessee,Unknown,1986-02-27,NaN
appelja01w,C,NaN,NaN,76.0,210.0,Stanford,Unknown,1988-05-14,NaN
arcaija01w,G,NaN,NaN,71.0,147.0,none,Unknown,1969-04-11,NaN
artiska01w,F,NaN,NaN,73.0,155.0,Northeastern,Unknown,1973-07-09,NaN
askamma01w,C,NaN,NaN,77.0,198.0,none,Unknown,1970-08-07,NaN
atkinla01w,G-F,NaN,NaN,72.0,172.0,North Carolina,Unknown,1984-03-22,NaN
atunrmo01w,G-F,NaN,NaN,70.0,143.0,Texas A&M,Unknown,1986-04-14,NaN
augusse01w,F,NaN,NaN,72.0,179.0,Louisiana State,Unknown,1984-04-30,NaN
aycocan01w,G-F,NaN,NaN,74.0,172.0,Kansas,Unknown,1973-02-28,NaN
ayimmi01w,F,NaN,NaN,75.0,NaN,Pepperdine,Unknown,1988-05-06,NaN
azizle01w,F,NaN,NaN,75.0,177.0,Syracuse,Unknown,1979-02-28,NaN
azzije01w,G,NaN,NaN,68.0,143.0,Stanford,Unknown,1968-08-31,NaN
badertr01w,G,NaN,NaN,64.0,125.0,Boise State,Unknown,1973-02-26,NaN
bakerla01w,G,NaN,NaN,67.0,140.0,California,Unknown,1968-12-18,NaN
bakersh01w,G,NaN,NaN,68.0,125.0,Georgia,Unknown,1982-12-03,NaN
balesal01w,C,NaN,NaN,79.0,218.0,Duke,Unknown,1985-04-04,NaN
banchrh01w,C,NaN,NaN,75.0,185.0,Washington,Unknown,1973-05-01,NaN
baranel01w,F,NaN,NaN,77.0,182.0,Academy of Sport Moscow,Unknown,1972-01-28,NaN
barksla01w,G,NaN,NaN,70.0,156.0,North Carolina,Unknown,1979-10-03,NaN
barnead01w,F,NaN,NaN,71.0,165.0,Arizona,Unknown,1977-02-03,NaN
barnequ01w,C,NaN,NaN,77.0,185.0,Indiana,Unknown,1976-09-26,NaN
bassmi01w,F,NaN,NaN,75.0,184.0,Duke,Unknown,1983-12-02,NaN
batkosu01w,C,NaN,NaN,76.0,203.0,Unknown,Unknown,1980-12-17,NaN
batteja01w,F,NaN,NaN,73.0,163.0,Notre Dame,Unknown,1983-03-26,NaN
battlas01w,F,NaN,NaN,72.0,170.0,Connecticut,Unknown,1982-05-31,NaN
bauerca01w,F-C,NaN,NaN,76.0,180.0,Montana State,Unknown,1972-06-27,NaN
beardal01w,G-F,NaN,NaN,71.0,160.0,Duke,Unknown,1982-05-14,NaN
becenry01w,G,NaN,NaN,66.0,140.0,Arizona State,Scottsdale CC (JC),1971-08-11,NaN
beckan99wc,Unknown,NaN,NaN,NaN,NaN,Unknown,Unknown,NaN,NaN
beckki01w,G,NaN,NaN,68.0,125.0,George Washington,Unknown,1985-12-27,NaN
bellje01w,F,NaN,NaN,73.0,160.0,Florida International,Unknown,1970-05-26,NaN
bennije01w,F,NaN,NaN,75.0,185.0,Vanderbilt,Unknown,1981-10-06,NaN
berezva01w,C,NaN,NaN,76.0,NaN,Rice,Unknown,1986-04-10,NaN
berggas01w,G,NaN,NaN,70.0,170.0,Illinois,Unknown,1976-11-18,NaN
berrysh01w,F-C,NaN,NaN,75.0,175.0,Iowa,Unknown,1967-07-06,NaN
berthlu01w,F-C,NaN,NaN,74.0,188.0,Old Dominion,Unknown,1978-03-31,NaN
berubca01w,F,NaN,NaN,72.0,155.0,Connecticut,Unknown,1975-09-02,NaN
beviltu01w,G,NaN,NaN,67.0,145.0,Unknown,Unknown,1972-07-19,NaN
bibbyhe01w,Unknown,NaN,NaN,NaN,NaN,Unknown,Unknown,NaN,NaN
bibbyje01w,G,NaN,NaN,67.0,139.0,Unknown,Unknown,1979-08-23,NaN
bibrzag01w,G-F,NaN,NaN,74.0,168.0,Unknown,Unknown,1982-10-21,NaN
birdsu01w,G,NaN,NaN,69.0,150.0,Connecticut,Unknown,1980-10-16,NaN
bishoab01w,F-C,NaN,NaN,74.0,NaN,Unknown,Unknown,1988-11-29,NaN
bjedoni01w,C,NaN,NaN,78.0,195.0,Unknown,Unknown,1971-05-18,NaN
bjorkan01w,F,NaN,NaN,72.0,166.0,Tennessee,Unknown,1989-07-14,NaN
bjorkte01w,C,NaN,NaN,76.0,175.0,Colorado,Unknown,1982-06-29,NaN
blackch01w,C,NaN,NaN,77.0,188.0,Duke,Unknown,1985-11-12,NaN
blackde01w,G,NaN,NaN,63.0,124.0,St. Joseph's,Unknown,1966-07-29,NaN
bladerh01w,G,NaN,NaN,67.0,138.0,Vanderbilt,Unknown,1972-10-29,NaN
blodgci01w,G,NaN,NaN,69.0,130.0,Maine,Unknown,1975-12-23,NaN
blueni01w,G,NaN,NaN,68.0,163.0,UCLA,Unknown,1984-03-29,NaN
blueoc01w,F,NaN,NaN,73.0,163.0,Miami (FL),Unknown,1976-08-18,NaN
bobbish01w,G,NaN,NaN,62.0,130.0,Tennessee,Unknown,1985-12-06,NaN
boddiwh01w,G,NaN,NaN,69.0,149.0,Auburn,Unknown,1987-01-23,NaN
boguemu01w,Unknown,NaN,NaN,NaN,NaN,Unknown,Unknown,NaN,NaN
boldeba01w,G,NaN,NaN,74.0,180.0,Louisiana Tech,Unknown,1969-06-16,NaN
boltoru01w,G,NaN,NaN,69.0,150.0,Auburn,Unknown,1967-05-25,NaN
bondla01w,G,NaN,NaN,67.0,132.0,Missouri,Unknown,1984-02-13,NaN
bonfisu01w,G,NaN,NaN,68.0,145.0,Unknown,Unknown,1974-09-08,NaN
bonnede01w,G,NaN,NaN,76.0,136.0,Auburn,Unknown,1987-08-21,NaN
bookeka01w,C,NaN,NaN,73.0,170.0,Vanderbilt,Unknown,1965-04-10,NaN
bosweca01w,F-G,NaN,NaN,72.0,168.0,Illinois State,Unknown,1962-11-10,NaN
bouceje01w,G,NaN,NaN,68.0,130.0,Virginia,Unknown,1973-12-20,NaN
bouchke01w,F,NaN,NaN,74.0,163.0,Unknown,Unknown,1968-01-13,NaN
bowenli01w,G,NaN,NaN,67.0,145.0,Michigan State,Unknown,1983-10-25,NaN
boydca01w,F,NaN,NaN,73.0,172.0,Unknown,Unknown,1975-10-31,NaN
boyerli99w,Unknown,NaN,NaN,NaN,NaN,Unknown,Unknown,NaN,NaN
bradlki01w,F-C,NaN,NaN,77.0,185.0,Oral Roberts,Unknown,1974-08-26,NaN
brancli01w,G,NaN,NaN,64.0,NaN,Texas A&M,Unknown,NaN,NaN
branzal01w,F,NaN,NaN,76.0,180.0,Florida International,Unknown,1971-07-17,NaN
branzge01w,F,NaN,NaN,76.0,175.0,Florida International,Unknown,1976-07-25,NaN
braxtja01w,F-C,NaN,NaN,75.0,178.0,Louisiana Tech,Unknown,1973-10-06,NaN
braxtka01w,F-C,NaN,NaN,78.0,210.0,Georgia,Unknown,1983-02-18,NaN
brazian01w,F,NaN,NaN,74.0,169.0,Texas Tech,Unknown,1976-09-18,NaN
brcanra01w,C,NaN,NaN,80.0,198.0,none,Unknown,1967-04-15,NaN
brelaje01w,F,NaN,NaN,75.0,170.0,North Carolina,Unknown,1988-02-23,NaN
bristre01w,G,NaN,NaN,70.0,139.0,Arizona,Unknown,1978-02-10,NaN
brogami01w,F,NaN,NaN,73.0,177.0,Unknown,Unknown,1973-02-08,NaN
brondsa01w,G,NaN,NaN,67.0,136.0,U. Western Sydney,Unknown,1968-08-20,NaN
brownci01w,F-C,NaN,NaN,74.0,183.0,Long Beach State,Unknown,1965-03-16,NaN
brownco01w,G,NaN,NaN,69.0,150.0,North Carolina,Unknown,1980-10-21,NaN
brownde01w,Unknown,NaN,NaN,NaN,NaN,Unknown,Unknown,NaN,NaN
browned01w,G-F,NaN,NaN,69.0,163.0,Texas,Unknown,1978-07-01,NaN
brownki01w,G,NaN,NaN,70.0,134.0,Georgia,Unknown,1979-01-13,NaN
brownla01w,C,NaN,NaN,75.0,180.0,Louisiana Tech,Unknown,1972-12-01,NaN
brownle01w,F,NaN,NaN,72.0,166.0,Virginia,Unknown,1977-06-03,NaN
brownru01w,F,NaN,NaN,74.0,175.0,Furman,Unknown,1972-05-05,NaN
brucegr99w,Unknown,NaN,NaN,NaN,NaN,Unknown,Unknown,NaN,NaN
brumfma01w,G,NaN,NaN,68.0,133.0,Rice,Unknown,1978-06-06,NaN
brungje01w,F,NaN,NaN,73.0,165.0,Penn State,Unknown,1982-04-16,NaN
brunsre01w,F,NaN,NaN,75.0,175.0,Georgetown,Unknown,1981-12-11,NaN
bryanjo01w,Unknown,NaN,NaN,NaN,NaN,Unknown,Unknown,NaN,NaN
bullevi01w,F,NaN,NaN,75.0,185.0,Maryland,Unknown,1967-10-04,NaN
burgean01w,G,NaN,NaN,67.0,141.0,Unknown,Unknown,1969-04-10,NaN
burgehe01w,C,NaN,NaN,77.0,195.0,Virginia,Unknown,1971-11-11,NaN
burgehe02w,F,NaN,NaN,77.0,180.0,Virginia,Unknown,1971-11-11,NaN
burgeli01w,F,NaN,NaN,73.0,173.0,Alabama,Unknown,1969-07-27,NaN
burraal01w,C,NaN,NaN,75.0,218.0,Louisiana Tech,Unknown,1975-06-23,NaN
burseja01w,C,NaN,NaN,77.0,199.0,Tulane,Unknown,1979-05-19,NaN
buttsta01w,G,NaN,NaN,71.0,160.0,Tennessee,Unknown,1982-03-10,NaN
byearla01w,G-F,NaN,NaN,71.0,206.0,DePaul,NE Oklahoma A&M (JC),1973-08-12,NaN
byrdla01w,G,NaN,NaN,66.0,131.0,Eastern Michigan,Unknown,1960-02-01,NaN
cabezli01w,F-C,NaN,NaN,75.0,178.0,Central Florida CC,Unknown,1973-10-25,NaN
cainke01w,C,NaN,NaN,78.0,220.0,Tennessee,Unknown,1989-05-16,NaN
camba01w,C,NaN,NaN,80.0,215.0,none,Unknown,1991-08-18,NaN
campbed01w,G,NaN,NaN,68.0,152.0,Texas,Unknown,1968-11-26,NaN
campbmi01w,F-C,NaN,NaN,77.0,170.0,USC,Unknown,1974-02-20,NaN
cantydo01w,G-F,NaN,NaN,69.0,162.0,Alabama,Unknown,1977-03-02,NaN
careyja01w,G,NaN,NaN,66.0,135.0,Texas,Unknown,1981-03-12,NaN
carsoes01w,G-F,NaN,NaN,72.0,165.0,Rutgers,Unknown,1986-07-28,NaN
carteam01w,F,NaN,NaN,74.0,185.0,Louisiana State,Unknown,1982-06-21,NaN
cartede01w,G-F,NaN,NaN,72.0,185.0,Georgia,Unknown,1972-01-03,NaN
cartesy01w,G,NaN,NaN,66.0,NaN,Texas A&M,Unknown,1990-11-18,NaN
cashsw01w,F,NaN,NaN,73.0,162.0,Connecticut,Unknown,1979-09-22,NaN
cassija01w,C,NaN,NaN,75.0,187.0,Maine,Unknown,1978-09-12,NaN
castriz01w,F-G,NaN,NaN,72.0,140.0,Unknown,Unknown,1982-03-13,NaN
catchta01w,F,NaN,NaN,73.0,167.0,Tennessee,Unknown,1979-07-21,NaN
caufila01w,G,NaN,NaN,69.0,159.0,Oklahoma,Unknown,1980-05-25,NaN
cebriel01w,C,NaN,NaN,77.0,190.0,none,Unknown,1971-02-07,NaN
chacoke01w,G,NaN,NaN,69.0,151.0,George Mason,Unknown,1974-12-21,NaN
chambco01w,G,NaN,NaN,69.0,160.0,Georgia,Unknown,1985-07-06,NaN
chancva99w,Unknown,NaN,NaN,NaN,NaN,Unknown,Unknown,NaN,NaN
chanequ01w,G,NaN,NaN,71.0,160.0,Louisiana State,Unknown,1986-04-14,NaN
chapmji01w,C,NaN,NaN,75.0,206.0,Indiana,Unknown,1979-11-04,NaN
charlda01w,F-C,NaN,NaN,75.0,141.0,Tennessee,Unknown,1968-11-22,NaN
charlti01w,C,NaN,NaN,76.0,198.0,Connecticut,Unknown,1988-12-05,NaN
chaseso01w,G,NaN,NaN,69.0,150.0,Maryland,Unknown,1976-03-09,NaN
chatmda99w,Unknown,NaN,NaN,NaN,NaN,Unknown,Unknown,NaN,NaN
cheekjo01w,F,NaN,NaN,73.0,201.0,Duke,Unknown,1988-06-25,NaN
cheruam01w,G,NaN,NaN,70.0,140.0,Indiana,Unknown,1970-04-18,NaN
chestfe01w,F,NaN,NaN,75.0,180.0,DePaul,Unknown,1988-03-24,NaN
choneka01w,C,NaN,NaN,75.0,180.0,North Carolina State,Unknown,1981-01-11,NaN
chriska01w,F,NaN,NaN,74.0,171.0,UC Santa Barbara,Unknown,1980-11-16,NaN
chriska02w,F,NaN,NaN,72.0,180.0,Duke,Unknown,1989-09-11,NaN
chrissh01w,F,NaN,NaN,73.0,170.0,Arkansas,Unknown,1982-02-15,NaN
cironkr01w,G,NaN,NaN,68.0,150.0,Illinois State,Unknown,1987-05-19,NaN
clarkal01w,F,NaN,NaN,70.0,167.0,Middle Tennessee State,Unknown,1987-07-07,NaN
clarkma01w,F-C,NaN,NaN,75.0,NaN,Arizona,Unknown,1971-01-01,NaN
cleamji01w,Unknown,NaN,NaN,NaN,NaN,Unknown,Unknown,NaN,NaN
clearmi01w,G,NaN,NaN,66.0,126.0,Australian Institute of Sport,Unknown,1974-07-16,NaN
clinest01w,G,NaN,NaN,65.0,148.0,UC Santa Barbara,Unknown,1978-04-22,NaN
coggicl01w,G,NaN,NaN,71.0,170.0,Kansas State,Unknown,1985-05-19,NaN
cokermo01w,F,NaN,NaN,73.0,180.0,Old Dominion,Unknown,1982-11-28,NaN
colemco01w,F,NaN,NaN,72.0,170.0,Ohio State,Unknown,1981-04-13,NaN
colemma01w,G-F,NaN,NaN,73.0,160.0,Maryland,Unknown,1987-01-04,NaN
colleka01w,G-F,NaN,NaN,70.0,145.0,Maryland,Unknown,1971-03-17,NaN
colsosy01w,G,NaN,NaN,68.0,140.0,Texas A&M,Unknown,1989-08-06,NaN
compame01w,G,NaN,NaN,69.0,143.0,St. Joseph's,Unknown,1975-09-18,NaN
congran01w,F-C,NaN,NaN,74.0,183.0,Mercer,Unknown,1970-06-03,NaN
conklab01w,F,NaN,NaN,75.0,175.0,Tennessee,Unknown,1975-02-10,NaN
consuca01w,G,NaN,NaN,68.0,144.0,Iowa,Unknown,1979-03-04,NaN
coopeca01w,C,NaN,NaN,76.0,176.0,Purdue,Unknown,1979-02-05,NaN
coopecy01w,G,NaN,NaN,70.0,150.0,USC,Unknown,1963-04-14,NaN
coopemi01w,Unknown,NaN,NaN,NaN,NaN,Unknown,Unknown,NaN,NaN
cowenda01w,Unknown,NaN,NaN,NaN,NaN,Unknown,Unknown,NaN,NaN
coylepa99w,Unknown,NaN,NaN,NaN,NaN,Unknown,Unknown,NaN,NaN
crawlsy01w,F-C,NaN,NaN,77.0,187.0,North Carolina,Unknown,1972-09-27,NaN
crockda01w,F,NaN,NaN,73.0,158.0,Baylor,Unknown,1981-02-11,NaN
crockwi01w,F,NaN,NaN,74.0,215.0,Connecticut,Unknown,1984-07-05,NaN
cronika01w,G,NaN,NaN,72.0,155.0,Colorado State,Unknown,1977-09-08,NaN
crosssh01w,G,NaN,NaN,70.0,155.0,Tennessee,Unknown,1983-09-07,NaN
crumpca01w,G,NaN,NaN,70.0,158.0,Alabama,Unknown,1962-10-29,NaN
cummiki01w,F,NaN,NaN,75.0,188.0,Long Beach State,Unknown,1963-08-29,NaN
cunnibe01w,G,NaN,NaN,72.0,163.0,Notre Dame,Unknown,1975-06-05,NaN
cunnida01w,F,NaN,NaN,72.0,187.0,Rutgers,Unknown,1980-01-27,NaN
cunnima01w,F-C,NaN,NaN,76.0,NaN,Vanderbilt,Unknown,1973-05-20,NaN
currimo01w,F,NaN,NaN,72.0,177.0,Duke,Unknown,1983-02-25,NaN
curryed01w,G,NaN,NaN,64.0,138.0,Oregon,Unknown,1979-07-09,NaN
dailesh99w,Unknown,NaN,NaN,NaN,NaN,Unknown,Unknown,NaN,NaN
dalesst01w,G-F,NaN,NaN,72.0,155.0,Oklahoma,Unknown,1979-09-05,NaN
daleygr01w,G,NaN,NaN,66.0,147.0,Tulane,Unknown,1978-06-26,NaN
darlihe01w,G,NaN,NaN,66.0,164.0,Penn State,Unknown,1978-08-29,NaN
darscna99w,Unknown,NaN,NaN,NaN,NaN,Unknown,Unknown,NaN,NaN
davenje01w,C,NaN,NaN,77.0,215.0,Ohio State,Unknown,1985-06-24,NaN
davisbr01w,G,NaN,NaN,72.0,172.0,Oregon,Unknown,1983-01-01,NaN
daviscl01w,F,NaN,NaN,73.0,165.0,Texas,Unknown,1967-06-04,NaN
davisde01w,G,NaN,NaN,67.0,138.0,Vanderbilt,Unknown,1984-11-08,NaN
davisla01w,G,NaN,NaN,67.0,145.0,Tennessee,Unknown,1974-10-08,NaN
davista01w,F,NaN,NaN,70.0,160.0,Washington,Unknown,1972-09-25,NaN
davista02w,G,NaN,NaN,71.0,NaN,Florida State,Unknown,1987-06-07,NaN
dedenka01w,F,NaN,NaN,76.0,170.0,Washington,Unknown,1969-09-23,NaN
deforan01w,G,NaN,NaN,70.0,160.0,Nebraska,Unknown,1976-04-14,NaN
derevje01w,G,NaN,NaN,70.0,140.0,George Mason,Unknown,1982-03-29,NaN
desouer01w,F-C,NaN,NaN,77.0,190.0,Unknown,Unknown,1982-03-03,NaN
dickeke01w,F,NaN,NaN,71.0,165.0,Texas Tech,Unknown,1978-04-20,NaN
dillata01w,G,NaN,NaN,69.0,154.0,Texas,Unknown,1981-05-06,NaN
dixonin01w,C,NaN,NaN,75.0,NaN,California,Unknown,1972-09-16,NaN
dixonta01w,G,NaN,NaN,69.0,148.0,Kansas,Unknown,1975-12-14,NaN
doagela01w,G,NaN,NaN,66.0,137.0,Nebraska,Unknown,1975-05-15,NaN
domonna01w,G,NaN,NaN,70.0,132.0,Iowa,Unknown,1975-09-28,NaN
donapbe01w,F-C,NaN,NaN,74.0,195.0,Stanford,Unknown,1980-08-27,NaN
donovan99w,Unknown,NaN,NaN,NaN,NaN,Unknown,Unknown,NaN,NaN
doronsh01w,G,NaN,NaN,69.0,145.0,Maryland,Unknown,1985-04-01,NaN
dossaci01w,C,NaN,NaN,77.0,187.0,Unknown,Unknown,1975-01-31,NaN
douglka01w,G-F,NaN,NaN,72.0,167.0,Purdue,Unknown,1979-05-07,NaN
duffyme01w,G,NaN,NaN,67.0,135.0,Notre Dame,Unknown,1984-07-13,NaN
dunlavi01w,F,NaN,NaN,73.0,160.0,Kentucky,Unknown,1989-09-19,NaN
dunnli99wc,Unknown,NaN,NaN,NaN,NaN,Unknown,Unknown,NaN,NaN
dunntr01wc,Unknown,NaN,NaN,NaN,NaN,Unknown,Unknown,NaN,NaN
dupreca01w,F,NaN,NaN,74.0,162.0,Temple,Unknown,1984-08-16,NaN
dydekka01w,F-C,NaN,NaN,79.0,190.0,Evangel,Unknown,1970-03-21,NaN
dydekma01w,C,NaN,NaN,NaN,223.0,Unknown,Unknown,1974-04-28,2011-05-27
edwarmi01w,G,NaN,NaN,69.0,150.0,Rutgers,Unknown,1966-03-06,NaN
edwarsi01w,C,NaN,NaN,76.0,164.0,Iowa,Unknown,1973-11-17,NaN
edwarte01w,G-F,NaN,NaN,71.0,155.0,Georgia,Unknown,1964-07-09,NaN
edwarto01w,G,NaN,NaN,70.0,160.0,Tennessee,Unknown,1968-03-13,NaN
elysh01w,F,NaN,NaN,74.0,182.0,Tennessee,Unknown,1983-08-09,NaN
enissh01w,F-C,NaN,NaN,73.0,185.0,Alabama,Unknown,1974-12-03,NaN
erbsu01w,C,NaN,NaN,78.0,240.0,North Carolina State,Unknown,1977-07-25,NaN
ervinla01w,F,NaN,NaN,76.0,171.0,Arkansas,Unknown,1985-03-24,NaN
estessh99w,Unknown,NaN,NaN,NaN,NaN,Unknown,Unknown,NaN,NaN
evansda01w,G,NaN,NaN,67.0,NaN,James Madison,Unknown,1989-06-30,NaN
evansde01w,G,NaN,NaN,64.0,125.0,Virginia,Unknown,1970-10-11,NaN
fallotr01w,G-F,NaN,NaN,75.0,165.0,Unknown,Unknown,1972-07-23,NaN
farriba01w,C-F,NaN,NaN,75.0,200.0,Tulane,Unknown,1976-09-10,NaN
feastal01w,F,NaN,NaN,71.0,168.0,Harvard,Unknown,1976-02-11,NaN
feifesu01w,G,NaN,NaN,73.0,162.0,Unknown,Unknown,1979-01-29,NaN
feldeja01w,F,NaN,NaN,73.0,NaN,Southern Mississippi,Unknown,1969-10-16,NaN
ferdima01w,G,NaN,NaN,69.0,153.0,Louisiana State,Unknown,1978-10-13,NaN
fernama01w,G,NaN,NaN,71.0,138.0,Unknown,Unknown,1981-12-21,NaN
ferrama01w,F,NaN,NaN,75.0,190.0,Unknown,Unknown,1972-02-11,NaN
figgsuk01w,G,NaN,NaN,69.0,142.0,Purdue,Unknown,1977-03-31,NaN
fijalis01w,C,NaN,NaN,77.0,200.0,Colorado,Unknown,1972-05-23,NaN
firsool01w,C,NaN,NaN,78.0,215.0,Kansas State,Unknown,1976-04-23,NaN
floremi01w,G,NaN,NaN,66.0,125.0,Stanford,Unknown,1977-10-19,NaN
flukety01w,C,NaN,NaN,77.0,209.0,Tennessee,Unknown,1984-12-27,NaN
folklkr01w,F,NaN,NaN,74.0,190.0,Stanford,Unknown,1975-12-19,NaN
fordch01w,F,NaN,NaN,75.0,198.0,Louisiana Tech,Unknown,1981-06-06,NaN
fordki01w,G-F,NaN,NaN,70.0,153.0,Georgia Tech,Unknown,1975-04-04,NaN
fordst01w,F,NaN,NaN,74.0,185.0,Georgia,Unknown,1969-01-14,NaN
fortnne99w,Unknown,NaN,NaN,NaN,NaN,Unknown,Unknown,NaN,NaN
fostecl99w,Unknown,NaN,NaN,NaN,NaN,Unknown,Unknown,NaN,NaN
fosteto01w,F,NaN,NaN,73.0,175.0,Iowa,Unknown,1971-10-16,NaN
fowlesy01w,C,NaN,NaN,78.0,200.0,Louisiana State,Unknown,1985-10-06,NaN
francde01w,F,NaN,NaN,70.0,193.0,Iowa State,Unknown,1975-08-24,NaN
frankaq01w,G,NaN,NaN,64.0,154.0,Texas A&M,Unknown,1985-09-29,NaN
frankba01w,F-C,NaN,NaN,NaN,NaN,Wisconsin,Unknown,NaN,NaN
frazeme01w,F,NaN,NaN,75.0,191.0,Liberty,Unknown,1987-03-29,NaN
freemla01w,F,NaN,NaN,73.0,175.0,Auburn,Unknown,1971-03-17,NaN
fresest01w,G,NaN,NaN,68.0,126.0,Iowa State,Unknown,1976-09-23,NaN
frettla01w,F,NaN,NaN,75.0,170.0,Georgia,Unknown,1975-06-12,NaN
friertr01w,F,NaN,NaN,74.0,186.0,Louisiana Tech,Unknown,1979-08-23,NaN
frohlli01w,F-C,NaN,NaN,75.0,185.0,Unknown,Unknown,1979-06-23,NaN
frostsh01w,C,NaN,NaN,76.0,184.0,Tennessee,Unknown,1966-12-19,NaN
futreca01w,G,NaN,NaN,70.0,154.0,Duquesne,Unknown,1982-07-10,NaN
gaineco01w,Unknown,NaN,NaN,NaN,NaN,Unknown,Unknown,NaN,NaN
gaithka01w,C,NaN,NaN,75.0,170.0,Notre Dame,Unknown,1975-08-13,NaN
gamblam01w,F,NaN,NaN,70.0,163.0,Arizona,Unknown,1964-12-17,NaN
ganttr01w,C,NaN,NaN,74.0,181.0,Lamar,Unknown,1971-10-10,NaN
garcibe01w,G,NaN,NaN,65.0,135.0,Unknown,Unknown,1976-09-03,NaN
gardike01w,F,NaN,NaN,73.0,168.0,Virginia Tech,Unknown,1984-05-19,NaN
gardnan01w,F-C,NaN,NaN,75.0,190.0,Howard,Unknown,1979-12-23,NaN
garnean01w,F-C,NaN,NaN,75.0,160.0,Penn State,Unknown,1979-01-05,NaN
gaydeco01w,G,NaN,NaN,69.0,150.0,Louisiana State,Unknown,1971-05-11,NaN
gaypi01w,G-F,NaN,NaN,71.0,183.0,Louisiana State,Unknown,1974-08-21,NaN
gearlka01w,G-F,NaN,NaN,73.0,184.0,Purdue,Unknown,1984-10-26,NaN
gessiki01w,F,NaN,NaN,75.0,175.0,USC,Unknown,1970-12-29,NaN
gibsoke01w,F-G,NaN,NaN,70.0,136.0,Maryland,Unknown,1976-11-10,NaN
gilbrbr01w,G,NaN,NaN,73.0,NaN,USC,Unknown,1990-08-16,NaN
gilloje01w,F-C,NaN,NaN,75.0,180.0,Mississippi,Unknown,1964-06-13,NaN
gilmous01w,G,NaN,NaN,71.0,158.0,Rutgers,Unknown,1978-08-24,NaN
gisseka01w,F,NaN,NaN,73.0,178.0,Penn State,North Carolina State,1985-07-27,NaN
givench01w,G,NaN,NaN,70.0,NaN,Middle Tennessee State,Unknown,1985-07-26,NaN
godbyli01w,F-C,NaN,NaN,78.0,163.0,Auburn,Unknown,1968-10-17,NaN
gomisem01w,G,NaN,NaN,71.0,134.0,Unknown,Unknown,1983-10-18,NaN
goodemo01w,G,NaN,NaN,66.0,130.0,Stanford,Unknown,1972-02-08,NaN
goodeti01w,F,NaN,NaN,71.0,165.0,Iowa,Unknown,1975-10-23,NaN
goodlsa01w,C,NaN,NaN,77.0,239.0,Georgia Tech,Unknown,1990-08-09,NaN
goodsad01w,F,NaN,NaN,72.0,165.0,Old Dominion,Unknown,1966-10-19,NaN
gordobr01w,F,NaN,NaN,72.0,159.0,Tennessee,Unknown,1967-04-27,NaN
goringi01w,C,NaN,NaN,79.0,225.0,North Carolina State (jr-sr),Arkansas-Fort Smith (fr-so),1983-06-07,NaN
gortmsh01w,G,NaN,NaN,70.0,158.0,South Carolina,Unknown,1979-12-07,NaN
grafca99wc,Unknown,NaN,NaN,NaN,NaN,Unknown,Unknown,NaN,NaN
grahama01w,C,NaN,NaN,75.0,240.0,Houston,Unknown,1970-12-18,NaN
granter01w,G,NaN,NaN,68.0,125.0,Texas Tech,Unknown,1984-06-13,NaN
gravede01w,C,NaN,NaN,77.0,212.0,Howard,Unknown,1975-09-16,NaN
graylal01w,G,NaN,NaN,68.0,176.0,California,Unknown,1987-04-21,NaN
grecomi01w,G,NaN,NaN,69.0,145.0,UCLA,Unknown,1980-03-24,NaN
greenci01w,C,NaN,NaN,77.0,183.0,Texas Tech,Unknown,1983-04-04,NaN
greenka01w,G,NaN,NaN,70.0,170.0,Connecticut,Unknown,1987-07-13,NaN
grginve01w,F,NaN,NaN,73.0,160.0,Unknown,Unknown,1975-01-13,NaN
griffke01w,F,NaN,NaN,74.0,179.0,Nebraska,Unknown,1987-07-02,NaN
griffyo01w,C-F,NaN,NaN,75.0,188.0,Florida Atlantic,Unknown,1970-03-01,NaN
groomla01w,G-F,NaN,NaN,70.0,160.0,Georgia,Unknown,1970-09-12,NaN
grubigo01w,G,NaN,NaN,71.0,165.0,Unknown,Unknown,1972-08-20,NaN
grudasa01w,F-C,NaN,NaN,76.0,185.0,Unknown,Unknown,1987-06-25,NaN
guytowa01w,F,NaN,NaN,73.0,178.0,South Florida,Unknown,1965-10-14,NaN
hagiwmi01w,G,NaN,NaN,71.0,161.0,Unknown,Unknown,1970-04-27,NaN
hairska01w,F,NaN,NaN,72.0,150.0,Temple,Unknown,1985-08-18,NaN
hallam01w,F,NaN,NaN,75.0,180.0,Washington,Unknown,1977-12-29,NaN
hallvi01w,F,NaN,NaN,73.0,180.0,Texas,Unknown,1969-10-03,NaN
hamblan01w,G,NaN,NaN,70.0,170.0,Iowa,Unknown,1976-09-30,NaN
hammobe01w,G,NaN,NaN,66.0,136.0,Colorado State,Unknown,1977-03-11,NaN
hamptky01w,F,NaN,NaN,74.0,210.0,Arizona State,Unknown,1962-11-03,NaN
hamzoro01w,G,NaN,NaN,69.0,152.0,Unknown,Unknown,1970-08-17,NaN
hardili01w,G,NaN,NaN,68.0,139.0,Duke,Unknown,1984-06-12,NaN
hardish01w,G,NaN,NaN,69.0,165.0,Louisiana Tech,Unknown,1969-06-27,NaN
hargrli99w,Unknown,NaN,NaN,NaN,NaN,Unknown,Unknown,NaN,NaN
harpela01w,F-C,NaN,NaN,77.0,190.0,Maryland,Unknown,1986-04-11,NaN
harriam01w,F,NaN,NaN,77.0,202.0,Xavier,Unknown,1988-01-16,NaN
harrido01w,F,NaN,NaN,75.0,190.0,Old Dominion,Unknown,1966-09-29,NaN
harrifr01w,G,NaN,NaN,72.0,154.0,Texas,Unknown,1965-03-12,NaN
harrili01w,F,NaN,NaN,73.0,164.0,Tennessee,Unknown,1971-01-02,NaN
harrokr01w,G,NaN,NaN,64.0,139.0,Unknown,Unknown,1975-03-04,NaN
harveca99w,Unknown,NaN,NaN,NaN,NaN,Unknown,Unknown,NaN,NaN
haydeva01w,C,NaN,NaN,76.0,240.0,Florida,Unknown,1982-06-05,NaN
hayesti01w,G,NaN,NaN,70.0,NaN,Connecticut,Unknown,1989-09-20,NaN
haynikr01w,G,NaN,NaN,69.0,147.0,Michigan State,Unknown,1983-06-17,NaN
headde01w,G,NaN,NaN,70.0,160.0,Tennessee,Unknown,1970-08-16,NaN
hedgpch01w,G,NaN,NaN,69.0,143.0,Stanford,Unknown,1972-02-17,NaN
hemmera01w,F-C,NaN,NaN,75.0,NaN,Stanford,Unknown,1973-04-02,NaN
hendene01w,G,NaN,NaN,68.0,144.0,Texas,Unknown,1973-02-28,NaN
hendetr01w,C,NaN,NaN,75.0,200.0,Georgia,Unknown,1974-12-31,NaN
henniso01w,G,NaN,NaN,67.0,143.0,Stanford,Unknown,1969-10-04,NaN
henryan01w,F,NaN,NaN,75.0,205.0,Florida,Unknown,1986-02-13,NaN
herriam01w,C,NaN,NaN,76.0,189.0,Iowa,Unknown,1977-06-06,NaN
hibbeka01w,G-F,NaN,NaN,70.0,140.0,Louisiana State,Unknown,1977-09-29,NaN
hicksje01w,F-C,NaN,NaN,76.0,188.0,Maryland,Unknown,1971-12-02,NaN
hightal01w,G,NaN,NaN,70.0,139.0,Louisiana State,Unknown,1988-04-06,NaN
hillec01w,G,NaN,NaN,67.0,173.0,Northern Illinois,Unknown,1971-04-06,NaN
hillmli99w,Unknown,NaN,NaN,NaN,NaN,Unknown,Unknown,NaN,NaN
hillmna01w,Unknown,NaN,NaN,NaN,NaN,Vanderbilt,Unknown,NaN,NaN
hledeko01w,G,NaN,NaN,69.0,150.0,Duquesne,Unknown,1975-03-29,NaN
hodgeda01w,G-F,NaN,NaN,73.0,170.0,St. Joseph's,Unknown,1968-01-21,NaN
hodgedo01w,G,NaN,NaN,69.0,160.0,Louisiana State,Unknown,1982-07-19,NaN
hodgero01w,G,NaN,NaN,71.0,165.0,Florida State,Unknown,1982-07-19,NaN
hodgesa01w,F-G,NaN,NaN,69.0,NaN,New Orleans,Unknown,1962-07-31,NaN
hoffmeb01w,F,NaN,NaN,74.0,215.0,USC,Unknown,1982-08-27,NaN
holdeta99w,Unknown,NaN,NaN,NaN,NaN,Unknown,Unknown,NaN,NaN
holdsch01w,F,NaN,NaN,74.0,172.0,Tennessee,Unknown,1977-08-09,NaN
hollake01w,G,NaN,NaN,68.0,129.0,Georgia,Unknown,1974-11-05,NaN
holliqu01w,C,NaN,NaN,77.0,201.0,Virginia Commonwealth,Unknown,1988-11-15,NaN
holmejo01w,F,NaN,NaN,70.0,150.0,Purdue,Unknown,1969-03-31,NaN
holmese01w,G-F,NaN,NaN,73.0,155.0,UNLV,Unknown,1986-06-13,NaN
holtam01w,F,NaN,NaN,72.0,168.0,Middle Tennessee State,Unknown,1985-06-07,NaN
hopeky01w,C,NaN,NaN,74.0,165.0,Miami (FL),Unknown,1977-11-23,NaN
hopsosu01w,F-C,NaN,NaN,74.0,175.0,Mars Hill,Unknown,1974-06-21,NaN
hornbal01w,G,NaN,NaN,71.0,155.0,Tennessee,Unknown,1985-10-16,NaN
houstch01w,F,NaN,NaN,72.0,189.0,Connecticut,Unknown,1986-04-10,NaN
houtsas01w,G,NaN,NaN,66.0,140.0,Georgia,Unknown,1987-12-31,NaN
howarje01w,G,NaN,NaN,66.0,130.0,North Carolina State,Unknown,1975-01-21,NaN
howarme01w,G,NaN,NaN,69.0,145.0,SW Missouri State,Unknown,1972-04-02,NaN
hudsopa01w,F,NaN,NaN,71.0,139.0,Northwestern State,Unknown,1968-09-19,NaN
hugheda99w,Unknown,NaN,NaN,NaN,NaN,Unknown,Unknown,NaN,NaN
hullaja99w,Unknown,NaN,NaN,NaN,NaN,Unknown,Unknown,NaN,NaN
humphta01w,C,NaN,NaN,75.0,190.0,Georgia,Unknown,1985-12-29,NaN
ibekwif01w,F,NaN,NaN,74.0,NaN,Arizona,Unknown,1989-10-05,NaN
irvinsa01w,F,NaN,NaN,75.0,185.0,Texas Christian,Unknown,1982-02-23,NaN
ivanyda01w,G,NaN,NaN,70.0,135.0,Florida International,Unknown,1976-03-18,NaN
iveyni01w,G,NaN,NaN,67.0,149.0,Notre Dame,Unknown,1977-09-24,NaN
jacksan01w,C,NaN,NaN,76.0,205.0,Texas,Unknown,1976-03-30,NaN
jacksde01w,F,NaN,NaN,74.0,155.0,Alabama-Birmingham,Unknown,1979-12-15,NaN
jacksgw01w,F,NaN,NaN,75.0,182.0,Tennessee,Unknown,1980-10-23,NaN
jacksla01w,F-C,NaN,NaN,77.0,187.0,Unknown,Unknown,1981-05-11,NaN
jacksta01w,F-C,NaN,NaN,75.0,179.0,Florida,Unknown,1962-12-03,NaN
jacksta02w,G,NaN,NaN,66.0,118.0,Louisiana Tech,Unknown,1978-04-22,NaN
jacksti01w,F,NaN,NaN,71.0,148.0,Iowa,Unknown,1972-04-21,NaN
jacksti02w,F,NaN,NaN,75.0,185.0,Texas,Unknown,1985-04-26,NaN
jacobam01w,G,NaN,NaN,68.0,152.0,Boston College,Unknown,1982-06-29,NaN
jacobje01w,G,NaN,NaN,68.0,130.0,Purdue,Unknown,1973-02-20,NaN
jamesta01w,F,NaN,NaN,69.0,158.0,Miami (FL),Unknown,1984-06-13,NaN
januabr01w,G,NaN,NaN,68.0,144.0,Arizona State,Unknown,1987-01-11,NaN
jekaban01w,G,NaN,NaN,69.0,180.0,Unknown,Unknown,1983-08-12,NaN
jenkica99w,Unknown,NaN,NaN,NaN,NaN,Unknown,Unknown,NaN,NaN
joensca01w,G-F,NaN,NaN,71.0,165.0,George Washington,Unknown,1981-02-12,NaN
johnsad01w,G,NaN,NaN,70.0,154.0,Ohio State,Unknown,1974-02-05,NaN
johnsch01w,C,NaN,NaN,75.0,185.0,Wisconsin-Green Bay,Unknown,1981-03-19,NaN
johnsda01w,C,NaN,NaN,74.0,197.0,Tennessee,Unknown,1973-02-19,NaN
johnsgl01w,F,NaN,NaN,75.0,170.0,Tennessee,Unknown,1990-07-27,NaN
johnsja01w,F,NaN,NaN,72.0,201.0,Kansas,Unknown,1979-03-16,NaN
johnsla01w,F,NaN,NaN,73.0,150.0,Memphis,Unknown,1975-08-17,NaN
johnsle01w,F,NaN,NaN,74.0,220.0,Western Kentucky,Unknown,1975-01-12,NaN
johnsni01w,G,NaN,NaN,69.0,146.0,Alabama,Unknown,1973-02-07,NaN
johnspo01w,C,NaN,NaN,75.0,165.0,Michigan,Unknown,1975-11-06,NaN
johnssh01w,G,NaN,NaN,67.0,152.0,South Carolina,Unknown,1974-08-18,NaN
johnssh02w,G,NaN,NaN,71.0,NaN,Miami,Unknown,1990-12-08,NaN
johnste01w,G,NaN,NaN,63.0,132.0,Louisiana State,Unknown,1982-09-06,NaN
johnsti01w,C,NaN,NaN,76.0,240.0,Tennessee,Unknown,1975-12-27,NaN
johnsvi01w,G-F,NaN,NaN,69.0,150.0,Louisiana Tech,Unknown,1972-04-15,NaN
jollyke01w,G,NaN,NaN,69.0,148.0,Tennessee,Unknown,1977-05-03,NaN
jonesas01w,F,NaN,NaN,74.0,196.0,Connecticut,Unknown,1980-08-01,NaN
jonesch01w,G-F,NaN,NaN,69.0,150.0,Houston,Unknown,1982-03-25,NaN
jonesja01w,G,NaN,NaN,69.0,158.0,UNC Charlotte,Unknown,1978-09-13,NaN
joneskc01w,Unknown,NaN,NaN,NaN,NaN,Unknown,Unknown,NaN,NaN
jonesla01w,G,NaN,NaN,73.0,180.0,Ohio State,Unknown,1977-07-24,NaN
jonesma01w,G,NaN,NaN,70.0,150.0,North Carolina,Unknown,1975-10-12,NaN
jonesme01w,G,NaN,NaN,69.0,147.0,Florida,Unknown,1973-07-21,NaN
jordapa01w,C,NaN,NaN,75.0,205.0,UNLV,Unknown,1968-04-27,NaN
joyneja01w,F,NaN,NaN,70.0,154.0,UCLA,Unknown,1962-03-03,NaN
kaplaan01w,C,NaN,NaN,77.0,180.0,Stanford,Unknown,1973-04-22,NaN
kausaan01w,F,NaN,NaN,72.0,155.0,Emporia State,Unknown,1970-11-30,NaN
kellycr01w,F,NaN,NaN,74.0,190.0,Western Kentucky,Unknown,1986-09-15,NaN
kenlaje99w,Unknown,NaN,NaN,NaN,NaN,Unknown,Unknown,NaN,NaN
keyst99wc,Unknown,NaN,NaN,NaN,NaN,Unknown,Unknown,NaN,NaN
kingbsu01w,G,NaN,NaN,67.0,135.0,Stanford,Unknown,1981-07-27,NaN
kingija01w,G,NaN,NaN,68.0,150.0,Unknown,Unknown,1976-01-20,NaN
kizerly01w,F-C,NaN,NaN,76.0,215.0,Maryland,Unknown,1990-04-04,NaN
klimezu01w,F,NaN,NaN,74.0,181.0,Vanderbilt,Unknown,1979-01-21,NaN
kloppga99wc,Unknown,NaN,NaN,NaN,NaN,Unknown,Unknown,NaN,NaN
kobryew01w,F-C,NaN,NaN,75.0,210.0,Unknown,Unknown,1982-05-07,NaN
koehnla01w,G,NaN,NaN,68.0,145.0,Kansas State,Unknown,1982-05-13,NaN
korstil01w,G,NaN,NaN,70.0,160.0,Unknown,Unknown,1980-05-30,NaN
kossgr01w,F,NaN,NaN,73.0,145.0,Montana,Unknown,1974-06-12,NaN
kostaan01w,G,NaN,NaN,67.0,137.0,Unknown,Unknown,1978-03-26,NaN
kostita01w,F,NaN,NaN,73.0,163.0,Oregon State,Unknown,1972-11-10,NaN
kraayca01w,F,NaN,NaN,76.0,180.0,Oregon,Unknown,1981-09-30,NaN
kubikni01w,G,NaN,NaN,69.0,145.0,Nebraska,Unknown,1978-03-01,NaN
kukloan01w,G,NaN,NaN,72.0,150.0,Unknown,Unknown,1971-07-16,NaN
laceyal01w,G,NaN,NaN,72.0,159.0,Iowa State,Unknown,1987-12-26,NaN
laceytr99w,Unknown,NaN,NaN,NaN,NaN,Unknown,Unknown,NaN,NaN
lacyje01w,F,NaN,NaN,75.0,175.0,Pepperdine,Unknown,1983-03-21,NaN
lacyna01w,G,NaN,NaN,70.0,165.0,UTEP (sr),Texas Christian (fr-jr),1985-07-08,NaN
lacyve01w,C,NaN,NaN,76.0,234.0,Louisiana Tech,Unknown,1967-02-09,NaN
laimbbi01w,Unknown,NaN,NaN,NaN,NaN,Unknown,Unknown,NaN,NaN
lambesh01w,G,NaN,NaN,67.0,125.0,Baylor,Grayson County (JC),1980-07-21,NaN
lambmo01w,C,NaN,NaN,77.0,206.0,USC,Unknown,1964-10-11,NaN
langeme01w,F-C,NaN,NaN,78.0,205.0,UNLV,Unknown,1969-04-28,NaN
langhcr01w,F-C,NaN,NaN,74.0,184.0,Maryland,Unknown,1986-10-27,NaN
langja01w,F,NaN,NaN,72.0,185.0,Colorado,Unknown,1972-06-23,NaN
larakr01w,G,NaN,NaN,68.0,130.0,Unknown,Unknown,1969-09-30,NaN
larkier01w,F,NaN,NaN,73.0,210.0,North Carolina,Unknown,1986-04-02,NaN
lassiam01w,F,NaN,NaN,73.0,160.0,Missouri,Unknown,1979-06-09,NaN
lattaiv01w,G,NaN,NaN,66.0,143.0,North Carolina,Unknown,1984-09-24,NaN
lavenja01w,C,NaN,NaN,76.0,185.0,Ohio State,Unknown,1988-11-12,NaN
lawsoed01w,G,NaN,NaN,66.0,130.0,Unknown,Unknown,1979-05-14,NaN
lawsoka01w,G,NaN,NaN,69.0,165.0,Tennessee,Unknown,1981-02-14,NaN
laydefr99w,Unknown,NaN,NaN,NaN,NaN,Unknown,Unknown,NaN,NaN
lazicka01w,F-C,NaN,NaN,70.0,147.0,Unknown,Unknown,1980-05-25,NaN
lehnish01w,G,NaN,NaN,69.0,147.0,Kansas State,Unknown,1986-10-27,NaN
lennobe01w,G,NaN,NaN,68.0,143.0,Louisiana Tech,Unknown,1976-12-04,NaN
leslili01w,C,NaN,NaN,77.0,170.0,USC,Unknown,1972-07-07,NaN
leuchye01w,C,NaN,NaN,77.0,195.0,West Virginia,Unknown,1983-04-30,NaN
levanni01w,G,NaN,NaN,68.0,163.0,Xavier,Unknown,1979-05-17,NaN
levesni01w,G,NaN,NaN,63.0,115.0,Wake Forest,Unknown,1972-04-11,NaN
lewisji99w,Unknown,NaN,NaN,NaN,NaN,Unknown,Unknown,NaN,NaN
lewista01w,F-C,NaN,NaN,74.0,212.0,Louisiana Tech,Unknown,1979-07-10,NaN
lewisty01w,G,NaN,NaN,70.0,152.0,North Carolina State,Unknown,1979-05-08,NaN
liebena01w,G,NaN,NaN,70.0,150.0,Old Dominion,Unknown,1958-07-01,NaN
lilleta01w,G,NaN,NaN,66.0,130.0,Oregon,Unknown,1988-02-29,NaN
listr01w,G-F,NaN,NaN,70.0,NaN,Providence,Unknown,NaN,NaN
littlca01w,F,NaN,NaN,74.0,180.0,North Carolina,Unknown,1985-01-18,NaN
lloydan01w,F,NaN,NaN,74.0,175.0,Texas,Unknown,1965-02-09,NaN
lobore01w,F,NaN,NaN,76.0,190.0,Connecticut,Unknown,1973-10-06,NaN
lovelst01w,F,NaN,NaN,76.0,170.0,Purdue,Unknown,1974-12-05,NaN
lowreja99w,Unknown,NaN,NaN,NaN,NaN,Unknown,Unknown,NaN,NaN
luckepa01w,F,NaN,NaN,73.0,165.0,Houston,Unknown,1975-05-14,NaN
luzhe01w,G,NaN,NaN,68.0,144.0,Unknown,Unknown,1972-11-23,NaN
lyttlsa01w,F,NaN,NaN,76.0,175.0,Houston,Unknown,1983-09-20,NaN
mabikmw01w,G-F,NaN,NaN,71.0,165.0,Unknown,Unknown,1976-07-27,NaN
macchla01w,F,NaN,NaN,73.0,169.0,Unknown,Unknown,1979-05-24,NaN
machacl01w,C-F,NaN,NaN,77.0,180.0,Old Dominion,Unknown,1976-10-04,NaN
maherto99w,Unknown,NaN,NaN,NaN,NaN,Unknown,Unknown,NaN,NaN
mahonme01w,F,NaN,NaN,72.0,160.0,Kansas State,Unknown,1983-02-13,NaN
mahonsh01w,F,NaN,NaN,76.0,178.0,Western Kentucky,Unknown,1977-07-03,NaN
mahorri01w,Unknown,NaN,NaN,NaN,NaN,Unknown,Unknown,NaN,NaN
maigaha01w,G-F,NaN,NaN,73.0,160.0,Old Dominion,Unknown,1978-04-25,NaN
malcona01w,F,NaN,NaN,73.0,170.0,Providence,Unknown,1975-11-27,NaN
malloam01w,G,NaN,NaN,64.0,148.0,St. Joseph's,Unknown,1970-04-21,NaN
malloso01w,C,NaN,NaN,77.0,210.0,Georgia Tech,Unknown,1981-09-02,NaN
maltsev01w,G,NaN,NaN,71.0,165.0,Unknown,Unknown,1978-12-20,NaN
mannish01w,F-C,NaN,NaN,75.0,186.0,North Carolina State,Unknown,1969-03-20,NaN
mannkr01w,F,NaN,NaN,73.0,185.0,UC Santa Barbara,Unknown,1983-08-10,NaN
mapprh01w,C,NaN,NaN,74.0,190.0,North Carolina State,Unknown,1969-10-13,NaN
marcimi01w,G,NaN,NaN,70.0,154.0,Tennessee,Unknown,1973-10-29,NaN
margiga01w,F,NaN,NaN,73.0,164.0,Drexel,Unknown,1987-02-12,NaN
martima01w,F,NaN,NaN,76.0,172.0,UCLA,Unknown,1978-04-17,NaN
martinu01w,G,NaN,NaN,69.0,167.0,Unknown,Unknown,1984-02-29,NaN
mascira01w,F,NaN,NaN,72.0,169.0,Unknown,Unknown,1980-09-30,NaN
maslemi01w,F,NaN,NaN,74.0,170.0,Penn State,Unknown,1974-10-10,NaN
matteca01w,G,NaN,NaN,69.0,167.0,Ohio State,Unknown,1982-08-22,NaN
matteka01w,C,NaN,NaN,80.0,240.0,Liberty,Unknown,1982-11-17,NaN
maxwean01w,F,NaN,NaN,71.0,186.0,New Mexico State,Unknown,1974-04-07,NaN
maxwemo01w,F,NaN,NaN,69.0,162.0,Louisiana Tech,Unknown,1976-12-21,NaN
maytuet01w,F,NaN,NaN,72.0,NaN,Oklahoma,Unknown,1973-04-28,NaN
mazzake01w,G,NaN,NaN,72.0,155.0,Penn State,Unknown,1982-02-02,NaN
mccaibr01w,G,NaN,NaN,63.0,135.0,Florida,Unknown,1979-09-21,NaN
mccaiti01w,G-F,NaN,NaN,70.0,167.0,Kentucky,Unknown,1976-10-06,NaN
mccanra01w,F,NaN,NaN,73.0,161.0,North Carolina,Unknown,1986-11-17,NaN
mccarja01w,C,NaN,NaN,74.0,205.0,Minnesota,Unknown,1982-11-03,NaN
mccarjo01w,G,NaN,NaN,67.0,130.0,Illinois-Chicago,Unknown,1974-10-26,NaN
mccarst01w,G-F,NaN,NaN,69.0,155.0,Purdue,Unknown,1977-06-20,NaN
mcclaka01w,F-C,NaN,NaN,74.0,180.0,Georgia,Unknown,1965-09-19,NaN
mcconsu01w,G,NaN,NaN,65.0,125.0,Penn State,Unknown,1966-07-29,NaN
mccouan01w,F,NaN,NaN,73.0,160.0,Louisville,Unknown,1986-09-10,NaN
mccrada01w,G-F,NaN,NaN,71.0,170.0,Kansas,Unknown,1987-10-08,NaN
mccrani01w,G,NaN,NaN,71.0,158.0,Tennessee,Unknown,1971-12-11,NaN
mccrini01w,G,NaN,NaN,68.0,125.0,USC,Unknown,1972-03-22,NaN
mcculda01w,F-C,NaN,NaN,75.0,180.0,Western Kentucky,Unknown,1975-01-18,NaN
mcgeepa01w,C-F,NaN,NaN,75.0,200.0,USC,Unknown,1962-12-01,NaN
mcgheca01w,F-C,NaN,NaN,73.0,179.0,Tennessee,Unknown,1968-03-06,NaN
mchugma99w,Unknown,NaN,NaN,NaN,NaN,Unknown,Unknown,NaN,NaN
mckivte01w,C-F,NaN,NaN,75.0,220.0,Tulane,Unknown,1980-10-05,NaN
mcwilta01w,F-C,NaN,NaN,74.0,188.0,St. Edwards,Unknown,1970-10-20,NaN
meadoma99w,Unknown,NaN,NaN,NaN,NaN,Unknown,Unknown,NaN,NaN
melvich01w,C-F,NaN,NaN,75.0,185.0,North Carolina State,Unknown,1976-05-03,NaN
mendigi01w,G,NaN,NaN,71.0,174.0,Washington,Unknown,1982-01-09,NaN
miaomi01w,G,NaN,NaN,71.0,153.0,Unknown,Unknown,1981-06-03,NaN
millebr01w,C,NaN,NaN,76.0,NaN,Florida State,Unknown,1987-08-10,NaN
millech99w,Unknown,NaN,NaN,NaN,NaN,Unknown,Unknown,NaN,NaN
milleco01w,G,NaN,NaN,69.0,140.0,Georgia,Unknown,1978-09-06,NaN
milleke01w,G,NaN,NaN,70.0,140.0,Georgia,Unknown,1978-09-06,NaN
millsta01w,C,NaN,NaN,75.0,232.0,Alabama,Unknown,1976-02-29,NaN
miltode01w,F,NaN,NaN,73.0,185.0,Florida,Unknown,1974-09-11,NaN
mitchle01w,G,NaN,NaN,65.0,130.0,Utah,Unknown,1985-06-15,NaN
mizrali01w,G,NaN,NaN,67.0,130.0,Maryland,Unknown,1970-06-24,NaN
moeggli01w,F,NaN,NaN,73.0,195.0,Michigan State,Unknown,1984-05-25,NaN
moisead01w,G,NaN,NaN,66.0,140.0,Unknown,Unknown,1978-12-06,NaN
mokanch01w,F,NaN,NaN,77.0,NaN,Mississippi State (jr-sr),Southeastern Illinois (fr-so),1988-10-13,NaN
monroja01w,C,NaN,NaN,77.0,162.0,Florida State,Unknown,1988-09-04,NaN
montaan01w,F,NaN,NaN,73.0,190.0,George Washington,Unknown,1980-10-24,NaN
montgal01w,G-F,NaN,NaN,73.0,185.0,Georgia Tech,Unknown,1988-11-12,NaN
montgre01w,G,NaN,NaN,67.0,139.0,Connecticut,Unknown,1986-12-02,NaN
mooreja01w,C,NaN,NaN,73.0,207.0,Long Beach State,Unknown,1979-11-06,NaN
mooreje01w,F-C,NaN,NaN,75.0,175.0,Connecticut,Unknown,1982-07-09,NaN
moorelo01w,G,NaN,NaN,69.0,165.0,Tennessee,Unknown,1983-03-21,NaN
moorema01w,F,NaN,NaN,72.0,175.0,Connecticut,Unknown,1989-06-11,NaN
moorena01w,G,NaN,NaN,70.0,145.0,Alabama,Unknown,1984-11-04,NaN
moorepe01w,F,NaN,NaN,72.0,135.0,Long Beach State,Unknown,1969-01-25,NaN
mooreta01w,G-F,NaN,NaN,71.0,167.0,Wisconsin,Unknown,1980-04-11,NaN
mooreyo01w,F,NaN,NaN,72.0,174.0,Mississippi,Unknown,1974-07-01,NaN
moosca01w,F-C,NaN,NaN,78.0,182.0,Stanford,Unknown,1978-05-23,NaN
morehmo01w,F-C,NaN,NaN,75.0,175.0,Auburn,Unknown,1974-01-18,NaN
morgale01w,F,NaN,NaN,73.0,NaN,Francis Marion,Unknown,1969-11-01,NaN
morrich01w,F,NaN,NaN,NaN,NaN,Southern Nazarene,Unknown,NaN,NaN
morrije01w,G,NaN,NaN,69.0,146.0,San Diego State,Unknown,1987-07-21,NaN
morrila01w,F,NaN,NaN,73.0,160.0,Auburn,Unknown,1974-05-26,NaN
morrizi01w,C,NaN,NaN,76.0,NaN,none,Unknown,1989-02-15,NaN
mosbybe01w,F,NaN,NaN,73.0,172.0,Baylor,Florida,1984-02-14,NaN
mosleju01w,F,NaN,NaN,73.0,170.0,Hawai'i,Unknown,1968-03-17,NaN
moweje01w,C,NaN,NaN,77.0,236.0,Oregon,Unknown,1978-02-25,NaN
mulitna01w,C,NaN,NaN,75.0,207.0,Stanford,Unknown,1976-03-06,NaN
murphma99w,Unknown,NaN,NaN,NaN,NaN,Unknown,Unknown,NaN,NaN
murphsh01w,G,NaN,NaN,71.0,164.0,USC,Unknown,1985-04-15,NaN
nagyan01w,G,NaN,NaN,67.0,147.0,Florida International,Unknown,1971-11-16,NaN
nanch01w,C,NaN,NaN,78.0,204.0,Unknown,Unknown,1983-01-06,NaN
ndiayas01w,F-C,NaN,NaN,75.0,182.0,Southern Nazarene,Unknown,1973-11-05,NaN
ndongem01w,C,NaN,NaN,74.0,170.0,Unknown,Unknown,1983-04-25,NaN
nemcoev01w,F,NaN,NaN,74.0,178.0,Unknown,Unknown,1972-12-03,NaN
neroja01w,F,NaN,NaN,71.0,180.0,Alabama-Birmingham,Unknown,1968-11-08,NaN
nevescl01w,G,NaN,NaN,68.0,136.0,Unknown,Unknown,1975-02-17,NaN
newtoch01w,G,NaN,NaN,71.0,154.0,Rutgers,Unknown,1983-02-17,NaN
ngarsch01w,C,NaN,NaN,75.0,168.0,Missouri,Unknown,1983-06-23,NaN
ngoyibe01w,C,NaN,NaN,76.0,195.0,Unknown,Unknown,1982-08-26,NaN
nichoti01w,G,NaN,NaN,63.0,146.0,Penn State,Unknown,1973-09-27,NaN
nieuwma01w,C,NaN,NaN,77.0,180.0,Valparaiso,Unknown,1980-04-12,NaN
nikolmi01w,F,NaN,NaN,75.0,185.0,Unknown,Unknown,1971-07-04,NaN
nnamach01w,G,NaN,NaN,72.0,156.0,Georgia Tech,Unknown,1985-06-15,NaN
nolande01w,G-F,NaN,NaN,69.0,147.0,Georgia,Unknown,1979-08-25,NaN
novosna01w,G,NaN,NaN,71.0,165.0,Notre Dame,Unknown,NaN,NaN
nygaava01w,F,NaN,NaN,73.0,166.0,Stanford,Unknown,1975-03-13,NaN
ogayu01w,G,NaN,NaN,66.0,140.0,Unknown,Unknown,1982-10-17,NaN
ogwumnn01w,F,NaN,NaN,74.0,NaN,Stanford,Unknown,1990-07-02,NaN
oheaje01w,G-F,NaN,NaN,73.0,174.0,Australian Institute of Sport,Unknown,1987-06-06,NaN
ohldeni01w,F-C,NaN,NaN,77.0,190.0,Kansas State,Unknown,1982-03-13,NaN
olajuab01w,C,NaN,NaN,76.0,236.0,Oklahoma,Unknown,1988-07-06,NaN
oneilkr01w,G-F,NaN,NaN,73.0,158.0,Washington,Unknown,1983-04-12,NaN
orrki01w,G,NaN,NaN,66.0,141.0,Duke,Unknown,1975-09-16,NaN
osburde01w,C,NaN,NaN,76.0,NaN,Oregon,Unknown,1972-02-11,NaN
osipoir01w,C,NaN,NaN,77.0,190.0,Unknown,Unknown,1981-06-25,NaN
overtbo99w,Unknown,NaN,NaN,NaN,NaN,Unknown,Unknown,NaN,NaN
owenhe01w,F,NaN,NaN,77.0,212.0,Stanford,Unknown,1976-05-06,NaN
owenssh01w,C,NaN,NaN,74.0,175.0,Kentucky,Unknown,1978-05-16,NaN
pageda01w,F,NaN,NaN,74.0,179.0,Nebraska,Unknown,1986-11-14,NaN
pagemu01w,F,NaN,NaN,74.0,160.0,Florida,Unknown,1975-09-18,NaN
paigeyo01w,G,NaN,NaN,66.0,147.0,West Virginia,Unknown,1983-09-18,NaN
paliesa01w,G,NaN,NaN,67.0,159.0,Unknown,Unknown,1981-07-23,NaN
palmewe01w,F,NaN,NaN,74.0,165.0,Virginia,Unknown,1974-08-12,NaN
parisco01w,C,NaN,NaN,76.0,250.0,Oklahoma,Unknown,1987-09-21,NaN
parkeca01w,F,NaN,NaN,76.0,175.0,Tennessee,Unknown,1986-04-19,NaN
parsoca99w,Unknown,NaN,NaN,NaN,NaN,Unknown,Unknown,NaN,NaN
pascafl01w,C,NaN,NaN,76.0,187.0,Unknown,Unknown,1982-01-19,NaN
paschti01w,F,NaN,NaN,73.0,165.0,Florida State,Unknown,1969-03-22,NaN
pavlimi01w,F-C,NaN,NaN,75.0,175.0,Denver,Unknown,1977-11-27,NaN
payeka01w,G,NaN,NaN,68.0,150.0,Stanford,Unknown,1974-03-06,NaN
peckca99wc,Unknown,NaN,NaN,NaN,NaN,Unknown,Unknown,NaN,NaN
pederka01w,F,NaN,NaN,76.0,190.0,Stanford,Unknown,1989-04-04,NaN
penicti01w,G,NaN,NaN,71.0,145.0,Old Dominion,Unknown,1974-09-18,NaN
pennjo01w,F,NaN,NaN,72.0,160.0,South Carolina,Unknown,1979-09-10,NaN
perazja01w,G-F,NaN,NaN,72.0,170.0,Maryland,Unknown,1960-12-06,NaN
perkiji01w,G,NaN,NaN,68.0,155.0,Texas Tech,Unknown,1982-02-23,NaN
perpeer01w,F-G,NaN,NaN,75.0,181.0,The Master's College,Unknown,1979-06-05,NaN
perroki01w,G,NaN,NaN,65.0,130.0,SW Louisiana,Unknown,1967-01-18,1999-08-19
peterde01w,F,NaN,NaN,74.0,170.0,Notre Dame,Unknown,1989-10-08,NaN
petroso01w,F,NaN,NaN,73.0,NaN,none,Unknown,1989-02-18,NaN
pettibr01w,G,NaN,NaN,69.0,150.0,Florida,Unknown,1971-01-01,NaN
philler01w,G,NaN,NaN,67.0,162.0,Unknown,Unknown,1985-05-19,NaN
phillpo01w,F,NaN,NaN,74.0,173.0,Georgia,Unknown,1988-01-13,NaN
phillta01w,F-C,NaN,NaN,74.0,200.0,Central Florida,Unknown,1969-03-06,NaN
phillta02w,C,NaN,NaN,78.0,198.0,Xavier,Unknown,1989-01-24,NaN
pierspl01w,F-C,NaN,NaN,74.0,181.0,Texas Tech,Unknown,1981-08-30,NaN
plankju99w,Unknown,NaN,NaN,NaN,NaN,Unknown,Unknown,NaN,NaN
plowdvi01w,F,NaN,NaN,72.0,NaN,Miami (FL),Unknown,1971-07-22,NaN
pohleje01w,G,NaN,NaN,72.0,179.0,Stanford,Unknown,1989-05-02,NaN
pollica01w,F,NaN,NaN,77.0,165.0,Texas,Unknown,1966-03-16,NaN
pondeca01w,G,NaN,NaN,69.0,160.0,Rutgers,Unknown,1983-01-07,NaN
potthan01w,F,NaN,NaN,73.0,191.0,Penn State,Unknown,1974-06-12,NaN
powelel01w,G,NaN,NaN,68.0,150.0,Louisiana State,Unknown,1975-08-09,NaN
powelni01w,F,NaN,NaN,74.0,175.0,Stanford,Unknown,1982-06-22,NaN
prahasa01w,G,NaN,NaN,67.0,129.0,Ohio State,Unknown,1990-01-23,NaN
pricear01w,G-F,NaN,NaN,69.0,133.0,Mississippi,Unknown,1985-04-03,NaN
pricefr01w,G,NaN,NaN,69.0,178.0,Iowa,Unknown,1968-04-28,NaN
priceka01w,G,NaN,NaN,70.0,148.0,Stephen F. Austin,Unknown,1975-12-03,1999-01-18
pridely01w,F-G,NaN,NaN,74.0,180.0,Kansas,Unknown,1978-10-16,NaN
princep01w,G,NaN,NaN,69.0,167.0,Rutgers,Unknown,1988-01-11,NaN
pringla01w,F-C,NaN,NaN,75.0,162.0,North Carolina,Unknown,1986-09-11,NaN
queenbr01w,F,NaN,NaN,74.0,185.0,Boston College,Unknown,1984-04-10,NaN
quiglal01w,G,NaN,NaN,70.0,140.0,DePaul,Unknown,1986-06-20,NaN
quinnno01w,G,NaN,NaN,72.0,175.0,UCLA,Unknown,1985-01-03,NaN
quinnte01w,F,NaN,NaN,76.0,165.0,Seton Hall,Unknown,1974-09-07,NaN
radunha01w,C,NaN,NaN,75.0,187.0,Unknown,Unknown,1978-01-10,NaN
raglafe01w,G,NaN,NaN,67.0,133.0,Oregon State,Unknown,1980-02-03,NaN
randase01w,G,NaN,NaN,69.0,164.0,Tennessee,Unknown,1979-02-07,NaN
rasmukr01w,F,NaN,NaN,76.0,174.0,Michigan State,Unknown,1978-11-01,NaN
ravenbr01w,G,NaN,NaN,72.0,162.0,Texas,Unknown,1988-08-01,NaN
raymost01w,G,NaN,NaN,65.0,139.0,Northern Illinois,Unknown,1985-01-15,NaN
raymota01w,F,NaN,NaN,74.0,195.0,Connecticut,Unknown,1980-04-12,NaN
reddja01w,F,NaN,NaN,73.0,164.0,Washington,Unknown,1977-11-05,NaN
redmoka01w,G-F,NaN,NaN,73.0,NaN,Gonzaga,Washington,1988-10-11,NaN
reedbr01w,F,NaN,NaN,73.0,168.0,Southern Mississippi,Unknown,1977-02-17,NaN
reedch01w,F,NaN,NaN,73.0,165.0,Arkansas-Little Rock,Unknown,1989-03-28,NaN
reedmi01w,G,NaN,NaN,71.0,165.0,Western Kentucky,Unknown,1973-05-24,NaN
reevech99wc,Unknown,NaN,NaN,NaN,NaN,Unknown,Unknown,NaN,NaN
reidtr01w,F,NaN,NaN,71.0,150.0,North Carolina,Unknown,1976-11-01,NaN
reissta01w,G,NaN,NaN,66.0,129.0,Virginia,Unknown,1970-04-02,NaN
resska01w,F,NaN,NaN,76.0,194.0,Boston College,Unknown,1985-06-26,NaN
reynoch01w,F,NaN,NaN,74.0,180.0,Houston,Unknown,1972-02-08,NaN
richano99wc,Unknown,NaN,NaN,NaN,NaN,Unknown,Unknown,NaN,NaN
rileyan01w,G,NaN,NaN,65.0,136.0,Oklahoma State,Unknown,1988-07-22,NaN
rileyru01w,C,NaN,NaN,77.0,198.0,Notre Dame,Unknown,1979-08-28,NaN
rizzoje01w,G,NaN,NaN,66.0,146.0,Connecticut,Unknown,1974-05-15,NaN
roberav01w,G,NaN,NaN,69.0,145.0,Ohio State,Unknown,1970-01-29,NaN
roberny01w,C,NaN,NaN,75.0,209.0,Old Dominion,Unknown,1976-03-10,NaN
robertr99w,Unknown,NaN,NaN,NaN,NaN,Unknown,Unknown,NaN,NaN
robinas01w,C,NaN,NaN,76.0,180.0,Tennessee,Unknown,1982-08-12,NaN
robincr01w,F-G,NaN,NaN,71.0,155.0,SE Oklahoma State,Unknown,1974-01-22,NaN
robinda01w,G,NaN,NaN,69.0,125.0,Oklahoma,Unknown,1989-05-10,NaN
robinre01w,G,NaN,NaN,71.0,166.0,Virginia,Unknown,1978-06-15,NaN
robinsc01w,G,NaN,NaN,71.0,155.0,Louisiana State,Unknown,1983-01-09,NaN
rolanja01w,G-F,NaN,NaN,73.0,167.0,Purdue,Unknown,1975-02-03,NaN
rollitr01w,Unknown,NaN,NaN,NaN,NaN,Unknown,Unknown,NaN,NaN
rossad01w,G,NaN,NaN,68.0,142.0,Texas Christian,Unknown,1984-11-23,NaN
rossca99wc,Unknown,NaN,NaN,NaN,NaN,Unknown,Unknown,NaN,NaN
rothsro99w,Unknown,NaN,NaN,NaN,NaN,Unknown,Unknown,NaN,NaN
rouilni01w,G,NaN,NaN,67.0,130.0,Loyola Marymount,Unknown,1970-01-23,NaN
roundsa01w,G,NaN,NaN,67.0,145.0,Georgia,Unknown,1976-10-04,NaN
roussju99w,Unknown,NaN,NaN,NaN,NaN,Unknown,Unknown,NaN,NaN
ruffje01w,G-F,NaN,NaN,71.0,140.0,Washington State,Unknown,1974-09-12,NaN
rushle01w,F,NaN,NaN,73.0,175.0,Oklahoma,Unknown,1984-10-25,NaN
ryankr01w,F,NaN,NaN,71.0,150.0,Sacramento State,Unknown,1972-11-19,NaN
rycraeu01w,C,NaN,NaN,75.0,175.0,Cal State Fullerton,Unknown,1968-12-06,NaN
salesny01w,G-F,NaN,NaN,72.0,184.0,Connecticut,Unknown,1976-05-10,NaN
sampsch01w,G,NaN,NaN,71.0,175.0,Kansas,Unknown,1974-09-01,NaN
sampsto01w,G,NaN,NaN,70.0,NaN,North Carolina,Unknown,1972-03-02,NaN
samsh01w,F-G,NaN,NaN,72.0,160.0,Vanderbilt,Unknown,1974-05-05,NaN
sanchis01w,G,NaN,NaN,70.0,152.0,Unknown,Unknown,1976-11-28,NaN
sandeam01w,G,NaN,NaN,71.0,156.0,Hawai'i,Unknown,1983-06-05,NaN
sandish01w,G,NaN,NaN,72.0,145.0,Unknown,Unknown,1969-01-22,NaN
sanfona01w,F-C,NaN,NaN,76.0,200.0,Kansas,Unknown,1976-05-10,NaN
sanniol01w,C,NaN,NaN,74.0,NaN,West Virginia,Unknown,1986-08-21,NaN
santoal01w,C,NaN,NaN,77.0,181.0,Unknown,Unknown,1973-12-02,NaN
santoke01w,F,NaN,NaN,75.0,188.0,Unknown,Unknown,1979-11-10,NaN
sarenra01w,C,NaN,NaN,78.0,222.0,Unknown,Unknown,1974-06-27,NaN
sauerpa01w,C,NaN,NaN,76.0,203.0,Connecticut,Unknown,1977-12-08,NaN
saundja01w,F,NaN,NaN,71.0,145.0,Texas A&M,Unknown,1979-08-21,NaN
saureau01w,G,NaN,NaN,70.0,163.0,Unknown,Unknown,1976-10-31,NaN
savasla01w,G,NaN,NaN,68.0,134.0,Washington,Unknown,1974-03-18,NaN
schumke01w,C,NaN,NaN,77.0,183.0,Connecticut,Unknown,1977-10-14,NaN
schwege01w,G-F,NaN,NaN,72.0,160.0,Duke,Unknown,1979-01-31,NaN
scottol01w,C,NaN,NaN,74.0,175.0,Stanford,Unknown,1976-08-05,NaN
scottra01w,F,NaN,NaN,75.0,169.0,Colorado,Unknown,1975-08-12,NaN
shakiel01w,F-C,NaN,NaN,75.0,190.0,Unknown,Unknown,1970-06-02,NaN
sharpkb01w,G,NaN,NaN,69.0,145.0,Cincinnati,Unknown,1981-04-18,NaN
sharpli99w,Unknown,NaN,NaN,NaN,NaN,Unknown,Unknown,NaN,NaN
sheetsh01w,G,NaN,NaN,66.0,130.0,Colorado,Unknown,1975-08-15,NaN
shegoch01w,C,NaN,NaN,77.0,NaN,North Carolina,Unknown,1990-02-22,NaN
shielas01w,G,NaN,NaN,70.0,155.0,SW Tennessee CC,Unknown,1985-07-15,NaN
shudlca01w,C,NaN,NaN,72.0,NaN,Minnesota,Unknown,1972-05-13,NaN
shulead01w,G,NaN,NaN,66.0,153.0,Georgia,Unknown,1969-04-24,NaN
shumajo01w,Unknown,NaN,NaN,NaN,NaN,Unknown,Unknown,NaN,NaN
simondy01w,G,NaN,NaN,65.0,137.0,Arizona State,Unknown,1989-09-29,NaN
simpsda01w,F,NaN,NaN,75.0,160.0,Houston,Unknown,1969-04-11,NaN
slaisma01w,G,NaN,NaN,68.0,173.0,Cincinnati,Unknown,1973-08-23,NaN
slauggw01w,F,NaN,NaN,75.0,181.0,Tulane,Unknown,1980-07-01,NaN
slavtge01w,G,NaN,NaN,73.0,160.0,Florida International,Unknown,1979-10-20,NaN
smithai01w,F,NaN,NaN,74.0,173.0,Louisiana State,Unknown,1980-07-18,NaN
smithbr01w,F-C,NaN,NaN,75.0,195.0,Stanford,Unknown,1984-04-30,NaN
smithch01w,G,NaN,NaN,67.0,140.0,Arkansas,Unknown,1975-08-14,NaN
smithch02w,F,NaN,NaN,70.0,145.0,Stanford,Unknown,1975-05-02,NaN
smithch03w,G,NaN,NaN,72.0,148.0,North Carolina,Unknown,1973-08-23,NaN
smithcr01w,G,NaN,NaN,66.0,121.0,Iowa,Unknown,1984-03-12,NaN
smithje01w,C,NaN,NaN,75.0,198.0,Michigan,Unknown,1982-04-10,NaN
smithka01w,G-F,NaN,NaN,71.0,174.0,Ohio State,Unknown,1974-06-04,NaN
smithki01w,F,NaN,NaN,73.0,158.0,Utah,Unknown,1984-05-07,NaN
smithla01w,G,NaN,NaN,67.0,150.0,Mississippi State,Unknown,1974-02-06,NaN
smithta01w,F-C,NaN,NaN,76.0,160.0,Iowa,Unknown,1977-04-01,NaN
smithty01w,F,NaN,NaN,72.0,NaN,Delaware,Unknown,1985-04-21,NaN
smithwa01w,G,NaN,NaN,71.0,175.0,Duke,Unknown,1985-07-09,NaN
snellbe01w,G,NaN,NaN,69.0,170.0,University of Sydney,Unknown,1981-10-01,NaN
snowmi01w,C,NaN,NaN,77.0,158.0,Tennessee,Unknown,1980-03-20,NaN
sobrale01w,F,NaN,NaN,73.0,183.0,Unknown,Unknown,1974-11-22,NaN
sobrama01w,C,NaN,NaN,75.0,163.0,Unknown,Unknown,1964-03-23,NaN
spencsi01w,G,NaN,NaN,75.0,183.0,Tennessee,Unknown,1985-03-07,NaN
spornra01w,F,NaN,NaN,74.0,150.0,Unknown,Unknown,1968-05-26,NaN
stafftr01w,F,NaN,NaN,73.0,180.0,California,Unknown,1970-11-11,NaN
staleda01w,G,NaN,NaN,66.0,134.0,Virginia,Unknown,1970-05-04,NaN
stanlma99w,Unknown,NaN,NaN,NaN,NaN,Unknown,Unknown,NaN,NaN
stansti01w,F-C,NaN,NaN,75.0,183.0,North Carolina State,Unknown,1983-01-16,NaN
starbka01w,G,NaN,NaN,73.0,153.0,Stanford,Unknown,1975-07-30,NaN
stedika01w,F-G,NaN,NaN,72.0,173.0,Stanford,Unknown,1967-12-11,NaN
stepama01w,C,NaN,NaN,80.0,187.0,Unknown,Unknown,1979-02-23,NaN
stephre01w,G,NaN,NaN,71.0,160.0,UCLA,Unknown,1969-12-28,NaN
stephst01w,C,NaN,NaN,76.0,205.0,Texas,Unknown,1982-01-21,NaN
sterkca01w,F,NaN,NaN,74.0,170.0,Central Michigan,Unknown,NaN,NaN
stevema01w,F-C,NaN,NaN,75.0,166.0,Auburn,Unknown,1982-02-04,NaN
stileja01w,G,NaN,NaN,68.0,144.0,Missouri State,Unknown,1978-12-21,NaN
stillva01w,F-C,NaN,NaN,73.0,151.0,Kentucky,Unknown,1961-05-14,NaN
stinsan01w,G,NaN,NaN,70.0,158.0,North Carolina State,Unknown,1967-11-25,NaN
stiresh01w,F,NaN,NaN,71.0,208.0,Kansas State,Unknown,1972-05-21,NaN
stockta01w,F-C,NaN,NaN,74.0,165.0,Florida,Unknown,1979-01-29,NaN
streiju01w,F,NaN,NaN,74.0,165.0,Unknown,Unknown,1972-05-14,NaN
stricsh01w,G-F,NaN,NaN,74.0,178.0,Tennessee,Unknown,1990-07-30,NaN
strotan01w,G-F,NaN,NaN,75.0,166.0,Connecticut,Unknown,1983-12-11,NaN
suberto01w,G,NaN,NaN,67.0,137.0,Virginia,Unknown,1974-11-23,NaN
summela01w,C,NaN,NaN,74.0,167.0,Unknown,Unknown,1983-12-13,NaN
sun-mju01w,C,NaN,NaN,73.0,168.0,Unknown,Unknown,1974-10-12,NaN
suttota01w,C,NaN,NaN,76.0,199.0,Rutgers,Unknown,1978-01-27,NaN
swanike01w,G,NaN,NaN,67.0,144.0,Connecticut,Unknown,1986-08-10,NaN
swoopsh01w,F-G,NaN,NaN,72.0,145.0,Texas Tech,Unknown,1971-03-25,NaN
swordca01w,C,NaN,NaN,78.0,210.0,Boston College,Unknown,1989-07-19,NaN
sykesap01w,G-F,NaN,NaN,72.0,NaN,Rutgers,Unknown,1990-07-30,NaN
tatede01w,G,NaN,NaN,68.0,150.0,Maryland,Unknown,1966-05-13,NaN
tateso01w,G,NaN,NaN,66.0,157.0,Arkansas State,Unknown,1971-09-07,NaN
tauradi01w,F-G,NaN,NaN,72.0,172.0,Connecticut,Unknown,1982-06-11,NaN
taylode99w,Unknown,NaN,NaN,NaN,NaN,Unknown,Unknown,NaN,NaN
tayloli01w,C,NaN,NaN,80.0,200.0,UC Santa Barbara,Unknown,1981-05-20,NaN
taylope01w,F,NaN,NaN,73.0,168.0,Unknown,Unknown,1981-05-24,NaN
teaslni01w,G,NaN,NaN,72.0,169.0,North Carolina,Unknown,1979-03-22,NaN
teilaza01w,C,NaN,NaN,79.0,170.0,Western Illinois,Unknown,1983-09-24,NaN
terryka01w,C-F,NaN,NaN,75.0,183.0,Georgia Tech,Unknown,1983-10-21,NaN
thibami99w,Unknown,NaN,NaN,NaN,NaN,Unknown,Unknown,NaN,NaN
thirdtr01w,F,NaN,NaN,71.0,160.0,Washington,Unknown,1968-02-27,NaN
thomaca01w,F,NaN,NaN,75.0,200.0,Vanderbilt,Unknown,1985-10-31,NaN
thomach01w,C,NaN,NaN,75.0,185.0,Georgia,Unknown,1982-08-14,NaN
thomaja01w,G,NaN,NaN,69.0,145.0,Duke,Unknown,1989-09-30,NaN
thomakr01w,C,NaN,NaN,77.0,195.0,Duke,Unknown,1989-06-10,NaN
thomala01w,F,NaN,NaN,74.0,165.0,Mississippi State,Unknown,1981-07-06,NaN
thomast01w,F,NaN,NaN,70.0,154.0,Michigan,Unknown,1978-08-29,NaN
thompal01w,F,NaN,NaN,73.0,180.0,Texas Tech,Unknown,1976-06-30,NaN
thompam01w,F,NaN,NaN,73.0,170.0,Oklahoma,Unknown,1987-11-18,NaN
thompka99w,Unknown,NaN,NaN,NaN,NaN,Unknown,Unknown,NaN,NaN
thomppa01w,F,NaN,NaN,73.0,193.0,Tennessee,Unknown,1975-01-16,NaN
thompsh01w,Unknown,NaN,NaN,NaN,NaN,Unknown,Unknown,NaN,NaN
thompti01w,F,NaN,NaN,74.0,178.0,USC,Unknown,1975-02-10,NaN
thorbsh01w,G,NaN,NaN,69.0,149.0,Utah,Unknown,1982-08-07,NaN
thorner01w,G,NaN,NaN,70.0,150.0,Brigham Young,Unknown,1981-05-19,NaN
threaro01w,G,NaN,NaN,67.0,150.0,Wisconsin,Unknown,1970-07-01,NaN
tilliic01w,C-F,NaN,NaN,77.0,165.0,Duke,Unknown,1981-12-06,NaN
timmsmi01w,G,NaN,NaN,67.0,132.0,Unknown,Unknown,1965-06-28,NaN
tolerpe01w,G,NaN,NaN,68.0,132.0,Long Beach State,Unknown,1966-03-24,NaN
tolivkr01w,G,NaN,NaN,67.0,130.0,Maryland,Unknown,1987-01-27,NaN
torniel01w,F,NaN,NaN,73.0,160.0,Unknown,Unknown,1965-05-27,NaN
torrele01w,C,NaN,NaN,75.0,171.0,Florida State,Unknown,1978-04-06,NaN
traviti01w,G-F,NaN,NaN,71.0,145.0,Flordia,Unknown,1978-03-20,NaN
tremich01w,G,NaN,NaN,66.0,142.0,Auburn,Unknown,1969-10-20,NaN
tricetr01w,F-C,NaN,NaN,74.0,180.0,North Carolina State,Unknown,1965-08-04,NaN
tunsine01w,G-F,NaN,NaN,73.0,170.0,Iowa State,Unknown,1970-08-22,NaN
turneba01w,G-F,NaN,NaN,72.0,172.0,Connecticut,Unknown,1984-06-08,NaN
tutermo01w,G,NaN,NaN,72.0,155.0,Arizona State,Unknown,1975-08-25,NaN
tuvicsl01w,C,NaN,NaN,76.0,194.0,Unknown,Unknown,1977-09-19,NaN
tzekopo01w,C,NaN,NaN,76.0,189.0,Unknown,Unknown,1968-04-30,NaN
udokamf01w,F,NaN,NaN,72.0,187.0,DePaul,Unknown,1976-06-16,NaN
ujhelpe01w,F-C,NaN,NaN,76.0,200.0,South Carolina,Unknown,1980-12-17,NaN
umoh-it01w,G,NaN,NaN,67.0,140.0,Clemson,Unknown,1977-02-21,NaN
valdeam01w,F,NaN,NaN,73.0,160.0,Unknown,Unknown,1976-08-18,NaN
vandeco01w,G,NaN,NaN,68.0,130.0,Gonzaga,Unknown,1989-02-08,NaN
vandehe99w,Unknown,NaN,NaN,NaN,NaN,Unknown,Unknown,NaN,NaN
vanemal01w,F,NaN,NaN,75.0,175.0,UCLA,Unknown,1968-04-14,NaN
vangomi01w,C,NaN,NaN,78.0,187.0,Duke,Unknown,1977-05-10,NaN
vaughki01w,C,NaN,NaN,76.0,208.0,Rutgers,Unknown,1987-01-24,NaN
vaughkr01w,F,NaN,NaN,73.0,160.0,Virginia Commonwealth,Unknown,1986-09-08,NaN
vealkr01w,G,NaN,NaN,70.0,150.0,Unknown,Unknown,1981-07-24,NaN
veselja01w,F,NaN,NaN,75.0,195.0,none,Unknown,1983-12-31,NaN
vidicbo01w,G,NaN,NaN,69.0,133.0,Oregon State,Unknown,1973-01-07,NaN
viglida01w,G,NaN,NaN,70.0,157.0,Texas,Unknown,1975-03-07,NaN
vilipda01w,F-C,NaN,NaN,76.0,207.0,Unknown,Unknown,1975-03-30,NaN
vodicka01w,F-C,NaN,NaN,76.0,190.0,Unknown,Unknown,1972-12-19,NaN
vodopna01w,F,NaN,NaN,75.0,181.0,Unknown,Unknown,1981-04-06,NaN
voigtka01w,G,NaN,NaN,73.0,162.0,Wisconsin,Unknown,1975-04-07,NaN
vukadmi01w,G,NaN,NaN,73.0,150.0,California,Unknown,1968-11-18,NaN
walkeas01w,F-C,NaN,NaN,73.0,200.0,California,Unknown,1987-02-24,NaN
walkeay01w,F,NaN,NaN,75.0,142.0,Louisiana Tech,Unknown,1979-09-10,NaN
walkeda01w,Unknown,NaN,NaN,NaN,NaN,Unknown,Unknown,NaN,NaN
walkede01w,F,NaN,NaN,75.0,168.0,Virginia,Unknown,1977-11-28,NaN
walkema01w,C,NaN,NaN,75.0,253.0,Pittsburgh,Unknown,1986-10-17,NaN
walsema01w,F,NaN,NaN,74.0,184.0,Penn State,Unknown,1978-10-28,NaN
wardvo01w,C,NaN,NaN,78.0,170.0,Tennessee,Unknown,1973-03-16,NaN
warleav01w,C,NaN,NaN,75.0,NaN,Liberty,Unknown,1987-05-17,NaN
washico01w,G,NaN,NaN,66.0,138.0,Notre Dame,Unknown,1971-01-17,NaN
washito01w,F,NaN,NaN,71.0,160.0,Florida,Unknown,1977-12-30,NaN
wautean01w,C,NaN,NaN,76.0,193.0,Unknown,Unknown,1980-10-12,NaN
weathte01w,G,NaN,NaN,68.0,161.0,Louisiana Tech,Unknown,1965-12-08,NaN
webbum01w,G-F,NaN,NaN,70.0,162.0,North Carolina State,Unknown,1975-06-26,NaN
weberma01w,C,NaN,NaN,77.0,200.0,Iona,Unknown,1982-06-01,NaN
weckeke01w,F,NaN,NaN,73.0,172.0,Kansas State,Unknown,1982-12-16,NaN
weisery99w,Unknown,NaN,NaN,NaN,NaN,Unknown,Unknown,NaN,NaN
westhpa99w,Unknown,NaN,NaN,NaN,NaN,Unknown,Unknown,NaN,NaN
whaleli01w,G,NaN,NaN,68.0,150.0,Minnesota,Unknown,1982-05-09,NaN
whisejo99w,Unknown,NaN,NaN,NaN,NaN,Unknown,Unknown,NaN,NaN
whitede01w,F,NaN,NaN,71.0,180.0,Louisiana State,Unknown,1980-04-03,NaN
whiteer01w,G,NaN,NaN,63.0,135.0,Louisiana State,Unknown,1986-08-26,NaN
whiteta01w,G,NaN,NaN,67.0,154.0,Mississippi State,Unknown,1982-09-27,NaN
whitiva01w,C-F,NaN,NaN,74.0,199.0,Stanford,Unknown,1972-04-09,NaN
whitmta01w,F,NaN,NaN,74.0,190.0,Memphis,Unknown,1977-06-05,NaN
whittje01w,C,NaN,NaN,77.0,176.0,Unknown,Unknown,1973-09-05,NaN
whittkh01w,F,NaN,NaN,73.0,185.0,North Carolina State,Unknown,1986-08-05,NaN
wickssu01w,F,NaN,NaN,75.0,191.0,Rutgers,Unknown,1966-11-26,NaN
widemja01w,G,NaN,NaN,66.0,135.0,Stanford,Unknown,1975-10-16,NaN
wiggica01w,G,NaN,NaN,71.0,154.0,Stanford,Unknown,1987-02-14,NaN
wilkeda01w,G,NaN,NaN,65.0,121.0,Long Beach State,Unknown,1969-02-27,NaN
wilkibr01w,C,NaN,NaN,75.0,185.0,Iowa State,Unknown,1983-06-15,NaN
williad01w,F-C,NaN,NaN,77.0,170.0,USC,Unknown,1977-02-15,NaN
willian01w,G,NaN,NaN,72.0,149.0,Illinois,Unknown,1983-07-21,NaN
willibe01w,G,NaN,NaN,69.0,145.0,Texas,Unknown,1965-11-09,NaN
willide01w,G,NaN,NaN,68.0,160.0,Louisiana Tech,Unknown,1972-09-23,NaN
willifr99w,Unknown,NaN,NaN,NaN,NaN,Unknown,Unknown,NaN,NaN
willigr99w,Unknown,NaN,NaN,NaN,NaN,Unknown,Unknown,NaN,NaN
williki01w,G,NaN,NaN,66.0,136.0,DePaul,Westark CC,1974-10-14,NaN
willile01w,F,NaN,NaN,72.0,200.0,Auburn,Unknown,1981-02-10,NaN
willile02w,G-F,NaN,NaN,71.0,155.0,DePaul,Unknown,1979-07-04,NaN
willili01w,G,NaN,NaN,71.0,170.0,UCLA,Unknown,1984-06-13,NaN
willina01w,F-C,NaN,NaN,74.0,210.0,UCLA,Unknown,1970-11-30,NaN
williri01w,G,NaN,NaN,66.0,135.0,Connecticut,Unknown,1976-01-14,NaN
williri02w,G,NaN,NaN,67.0,165.0,Miami,Unknown,1990-05-28,NaN
willisa01w,G-F,NaN,NaN,72.0,NaN,Auburn,Unknown,1973-09-24,NaN
willish01w,G,NaN,NaN,66.0,135.0,Oregon,Unknown,1980-04-14,NaN
willita01w,G,NaN,NaN,71.0,170.0,Auburn,Unknown,1974-07-23,NaN
willito01w,G,NaN,NaN,68.0,138.0,Texas A&M,Unknown,1982-01-11,NaN
williwe01w,G,NaN,NaN,67.0,141.0,Arkansas,Unknown,1978-11-18,NaN
wilsoam01w,F,NaN,NaN,71.0,176.0,Louisiana Tech,Unknown,1977-02-06,NaN
wintebr01w,Unknown,NaN,NaN,NaN,NaN,Unknown,Unknown,NaN,NaN
wirthch01w,F,NaN,NaN,73.0,185.0,Vanderbilt,Unknown,1987-04-18,NaN
wisdoli01w,F,NaN,NaN,74.0,186.0,Purdue,Unknown,1986-05-26,NaN
witheso01w,G,NaN,NaN,70.0,145.0,Florida,Unknown,1969-07-06,NaN
wojtaju01w,G-F,NaN,NaN,72.0,175.0,Wisconsin-Green Bay,Unknown,1989-04-09,NaN
wolteka01w,C,NaN,NaN,79.0,227.0,Connecticut,Unknown,1975-08-15,NaN
wolvean01w,F-C,NaN,NaN,75.0,205.0,Oregon,Unknown,1978-12-08,NaN
woodaly01w,G,NaN,NaN,72.0,160.0,Kansas,Unknown,1959-08-12,NaN
woodki01w,C,NaN,NaN,76.0,NaN,Wisconsin-Green Bay,Unknown,1972-09-16,NaN
woolror01w,Unknown,NaN,NaN,NaN,NaN,Unknown,Unknown,NaN,NaN
wooslti01w,G,NaN,NaN,67.0,132.0,Tennessee,Unknown,1973-04-04,NaN
wrighfa01w,G,NaN,NaN,66.0,130.0,San Diego State,Unknown,1973-01-28,NaN
wrighmo01w,G,NaN,NaN,71.0,178.0,Virginia,Unknown,1988-07-15,NaN
wrighsh01w,F,NaN,NaN,70.0,155.0,Purdue,Unknown,1981-09-21,NaN
wrighta01w,G,NaN,NaN,71.0,165.0,Penn State,Unknown,1983-11-20,NaN
wyckobr01w,F,NaN,NaN,73.0,183.0,Florida State,Unknown,1980-03-30,NaN
wynneda01w,F,NaN,NaN,74.0,175.0,Seton Hall,Unknown,1975-02-02,NaN
yamasli01w,G,NaN,NaN,73.0,190.0,Stanford,Unknown,1980-06-02,NaN
yasenco01w,G,NaN,NaN,72.0,160.0,Purdue,Unknown,1973-12-05,2001-05-12
yilmane01w,F-C,NaN,NaN,76.0,193.0,Unknown,Unknown,1980-06-06,NaN
youngca01w,G,NaN,NaN,69.0,175.0,Auburn,Unknown,1969-07-28,NaN
youngso01w,F,NaN,NaN,73.0,165.0,Baylor,Unknown,1983-12-15,NaN
youngta01w,F,NaN,NaN,74.0,166.0,James Madison,Unknown,1986-10-30,NaN
zakalok01w,C,NaN,NaN,78.0,174.0,Unknown,Unknown,1977-12-18,NaN
zarafr01w,G,NaN,NaN,70.0,146.0,Unknown,Unknown,1976-12-08,NaN
zellosh01w,G,NaN,NaN,70.0,155.0,Pittsburgh,Unknown,1986-08-28,NaN
zhengha01w,C,NaN,NaN,80.0,254.0,Unknown,Unknown,1967-03-07,NaN
zierddo99w,Unknown,NaN,NaN,NaN,NaN,Unknown,Unknown,NaN,NaN
zirkozu01w,G,NaN,NaN,69.0,145.0,Unknown,Unknown,1980-06-06,NaN
zollsh01w,G,NaN,NaN,67.0,148.0,Virginia,Unknown,1986-07-11,NaN
